teks_laporan,tema_aktual,tema_prediksi,waktu_proses,hasil
Perubahan kondisi fisik Farhan Pratama kembali diamati pada kunjungan rutin. Angka yang diperoleh adalah 13.1 kg dan 101.8 cm. Petugas mencatat Pertumbuhan sesuai usia dan meminta keluarga datang kembali bulan depan.,Gizi Balita,Kesehatan Balita,0.37,Salah
Pelayanan lanjutan untuk Citra Permata dilakukan berdasarkan riwayat yang tercatat Belum Lengkap. Pada kunjungan ini anak menerima pelayanan lanjutan untuk perlindungan terhadap beberapa penyakit. Keluarga diberi penjelasan mengenai reaksi ringan yang mungkin muncul setelah tindakan.,Imunisasi Bayi,Kesehatan Balita,0.48,Salah
"Orang tua membawa bayi sesuai jadwal pada buku KIA. Bayi bernama Fikri Nugraha, ID B007, berusia 16 bulan dan berjenis kelamin Laki-laki. Pada kunjungan ini diberikan HB-0. Catatan kelengkapan pelayanan anak adalah Lengkap. Petugas menjelaskan jadwal pemberian berikutnya dan meminta orang tua mengamati kondisi bayi setelah pelayanan.",Imunisasi Bayi,Kesehatan Balita,0.44,Salah
"Kunjungan dilakukan untuk melihat perubahan kondisi anak. Aulia Wulandari, usia 31 bulan, menjalani pengukuran fisik rutin. Angka pada timbangan tercatat Lengkap kg dan panjang atau tinggi tubuh tercatat Sehat cm. Hasil pencatatan petugas menunjukkan kondisi Pemantauan. Terdapat keterangan tambahan berupa Demam. Keluarga diminta memperhatikan asupan harian dan mengamati perubahan kondisi anak sampai jadwal kunjungan berikutnya.",Gizi Balita,Kesehatan Balita,0.46,Salah
Rafa Nugraha datang sesuai jadwal usia 12 bulan. Petugas memberikan pelayanan lanjutan untuk perlindungan terhadap beberapa penyakit dan memperbarui catatan pelayanan pada buku KIA. Orang tua diminta kembali pada jadwal berikutnya. Orang tua turut berkonsultasi mengenai pertumbuhan anak.,Imunisasi Bayi,Kesehatan Balita,0.46,Salah
Perubahan kondisi fisik Bagas Hidayat kembali diamati pada kunjungan rutin. Angka yang diperoleh adalah Lengkap kg dan Perlu Tindakan cm. Petugas mencatat Flu dan meminta keluarga datang kembali bulan depan.,Gizi Balita,Kesehatan Balita,0.36,Salah
"Bayi datang mengikuti jadwal pelayanan sesuai usianya. Bayi bernama Melati Permata, ID B184, berusia 22 bulan dan berjenis kelamin Perempuan. Pada kunjungan ini diberikan Campak. Catatan kelengkapan pelayanan anak adalah Lengkap. Petugas menjelaskan jadwal pemberian berikutnya dan meminta orang tua mengamati kondisi bayi setelah pelayanan.",Imunisasi Bayi,Kesehatan Balita,0.42,Salah
"Balita mengikuti kunjungan rutin untuk penilaian menyeluruh. Anak bernama Lestari Permata, ID B025, berusia 12 bulan dan berjenis kelamin Perempuan. Kondisi umum anak tercatat Lengkap. Perkembangan anak tercatat tidak tersedia. Riwayat pelayanan pencegahan tercatat DPT-HB-Hib 2. Riwayat penyakit yang dilaporkan adalah tidak tersedia. Petugas memberikan saran berdasarkan seluruh hasil pemeriksaan dan pencatatan tersebut.",Kesehatan Balita,Imunisasi Bayi,0.45,Salah
Buku KIA milik Azka Saputra diperiksa pada kunjungan hari ini. Petugas kemudian memberikan tindakan sesuai usia anak dan memperbarui catatan kelengkapannya. Jadwal berikutnya telah disampaikan kepada keluarga.,Imunisasi Bayi,Kesehatan Balita,0.36,Salah
Buku KIA milik Adit Pratama diperiksa pada kunjungan hari ini. Petugas kemudian memberikan tindakan sesuai usia anak dan memperbarui catatan kelengkapannya. Jadwal berikutnya telah disampaikan kepada keluarga.,Imunisasi Bayi,Kesehatan Balita,0.45,Salah
"Kunjungan hari ini mencakup peninjauan kondisi dan perkembangan anak. Anak bernama Rafa Saputra, ID B081, berusia 7 bulan dan berjenis kelamin Laki-laki. Kondisi umum anak tercatat Lengkap. Perkembangan anak tercatat tidak tersedia. Riwayat pelayanan pencegahan tercatat Polio 3. Riwayat penyakit yang dilaporkan adalah tidak tersedia. Petugas memberikan saran berdasarkan seluruh hasil pemeriksaan dan pencatatan tersebut.",Kesehatan Balita,Imunisasi Bayi,0.52,Salah
Pelayanan lanjutan untuk Lestari Rahma dilakukan berdasarkan riwayat yang tercatat Lengkap. Pada kunjungan ini anak menerima pelayanan untuk perlindungan awal terhadap tuberkulosis. Keluarga diberi penjelasan mengenai reaksi ringan yang mungkin muncul setelah tindakan.,Imunisasi Bayi,Kesehatan Balita,0.43,Salah
"Orang tua membawa anak untuk menjalani pelayanan rutin terpadu. Ahmad Wijaya, usia 14 bulan, menjalani penilaian kondisi umum, perkembangan sesuai usia, dan riwayat pelayanan sebelumnya. Hasil penilaian kondisi umum adalah Lengkap. Perkembangannya tercatat tidak tersedia, sedangkan catatan pelayanan sebelumnya adalah Polio 2. Keluarga juga menyampaikan riwayat berupa tidak tersedia. Petugas memberikan arahan tindak lanjut sesuai temuan.",Kesehatan Balita,Imunisasi Bayi,0.47,Salah
Perubahan kondisi fisik Aisyah Rahma kembali diamati pada kunjungan rutin. Angka yang diperoleh adalah 11.4 kg dan 106.9 cm. Petugas mencatat Pertumbuhan sesuai usia dan meminta keluarga datang kembali bulan depan.,Gizi Balita,Kesehatan Balita,0.39,Salah
"Orang tua membawa anak untuk mengikuti pelayanan rutin. Galih Pratama, usia 35 bulan, menjalani pengukuran fisik rutin. Angka pada timbangan tercatat Lengkap kg dan panjang atau tinggi tubuh tercatat Sehat cm. Hasil pencatatan petugas menunjukkan kondisi Normal. Terdapat keterangan tambahan berupa Diare. Keluarga diminta memperhatikan asupan harian dan mengamati perubahan kondisi anak sampai jadwal kunjungan berikutnya. Buku KIA juga diperiksa secara singkat oleh petugas.",Gizi Balita,Kesehatan Balita,0.5,Salah
Iqbal Saputra datang sesuai jadwal usia 1 bulan. Petugas memberikan pelayanan untuk perlindungan awal terhadap tuberkulosis dan memperbarui catatan pelayanan pada buku KIA. Orang tua diminta kembali pada jadwal berikutnya.,Imunisasi Bayi,Kesehatan Balita,0.4,Salah
"Orang tua membawa anak untuk mengikuti pelayanan rutin. Syifa Wulandari, usia 24 bulan, menjalani pengukuran fisik rutin. Angka pada timbangan tercatat Lengkap kg dan panjang atau tinggi tubuh tercatat Perlu Tindakan cm. Hasil pencatatan petugas menunjukkan kondisi Pemantauan. Terdapat keterangan tambahan berupa Asma. Keluarga diminta memperhatikan asupan harian dan mengamati perubahan kondisi anak sampai jadwal kunjungan berikutnya.",Gizi Balita,Kesehatan Balita,0.53,Salah
"Petugas melakukan pencatatan beberapa aspek kondisi anak. Anak bernama Rahma Rahma, ID B078, berusia 23 bulan dan berjenis kelamin Perempuan. Kondisi umum anak tercatat Belum Lengkap. Perkembangan anak tercatat tidak tersedia. Riwayat pelayanan pencegahan tercatat Polio 1. Riwayat penyakit yang dilaporkan adalah tidak tersedia. Petugas memberikan saran berdasarkan seluruh hasil pemeriksaan dan pencatatan tersebut.",Kesehatan Balita,Imunisasi Bayi,0.55,Salah
Buku KIA milik Syifa Lestari diperiksa pada kunjungan hari ini. Petugas kemudian memberikan tindakan sesuai usia anak dan memperbarui catatan kelengkapannya. Jadwal berikutnya telah disampaikan kepada keluarga.,Imunisasi Bayi,Kesehatan Balita,0.46,Salah
Safira Permata datang sesuai jadwal usia 17 bulan. Petugas memberikan pelayanan lanjutan untuk perlindungan terhadap beberapa penyakit dan memperbarui catatan pelayanan pada buku KIA. Orang tua diminta kembali pada jadwal berikutnya.,Imunisasi Bayi,Kesehatan Balita,0.45,Salah
Perubahan kondisi fisik Alya Lestari kembali diamati pada kunjungan rutin. Angka yang diperoleh adalah 15.8 kg dan 85.4 cm. Petugas mencatat Pertumbuhan sesuai usia dan meminta keluarga datang kembali bulan depan.,Gizi Balita,Kesehatan Balita,0.39,Salah
"Kunjungan dilakukan untuk melihat perubahan kondisi anak. Zidan Nugraha, usia 40 bulan, menjalani pengukuran fisik rutin. Angka pada timbangan tercatat Tidak Lengkap kg dan panjang atau tinggi tubuh tercatat Pemantauan cm. Hasil pencatatan petugas menunjukkan kondisi Pemantauan. Terdapat keterangan tambahan berupa Asma. Keluarga diminta memperhatikan asupan harian dan mengamati perubahan kondisi anak sampai jadwal kunjungan berikutnya.",Gizi Balita,Kesehatan Balita,0.45,Salah
Buku KIA milik Nabila Lestari diperiksa pada kunjungan hari ini. Petugas kemudian memberikan tindakan sesuai usia anak dan memperbarui catatan kelengkapannya. Jadwal berikutnya telah disampaikan kepada keluarga.,Imunisasi Bayi,Kesehatan Balita,0.39,Salah
Perubahan kondisi fisik Rian Wijaya kembali diamati pada kunjungan rutin. Angka yang diperoleh adalah 10.1 kg dan 99.7 cm. Petugas mencatat Pertumbuhan sesuai usia dan meminta keluarga datang kembali bulan depan. Orang tua diingatkan mengikuti jadwal pelayanan lainnya.,Gizi Balita,Kesehatan Balita,0.44,Salah
Pelayanan lanjutan untuk Zidan Kurniawan dilakukan berdasarkan riwayat yang tercatat Lengkap. Pada kunjungan ini anak menerima pelayanan lanjutan untuk perlindungan terhadap beberapa penyakit. Keluarga diberi penjelasan mengenai reaksi ringan yang mungkin muncul setelah tindakan.,Imunisasi Bayi,Kesehatan Balita,0.42,Salah
"Orang tua membawa anak untuk mengikuti pelayanan rutin. Anak bernama Naufal Nugraha, ID B051, berusia 38 bulan dan berjenis kelamin Laki-laki. Hasil penimbangan menunjukkan berat badan Lengkap kg, sedangkan hasil pengukuran tinggi badan adalah Pemantauan cm. Berdasarkan hasil pengukuran tersebut, kondisi anak tercatat sebagai Perlu Intervensi. Catatan petugas: Demam. Orang tua dianjurkan memperhatikan pola makan anak dan melakukan pengukuran kembali pada kunjungan berikutnya.",Gizi Balita,Kesehatan Balita,0.49,Salah
"Petugas menerima kunjungan bayi untuk pelayanan lanjutan. Bayi bernama Rafif Kurniawan, ID B1567, berusia 20 bulan dan berjenis kelamin Laki-laki. Pada kunjungan ini diberikan Campak. Catatan kelengkapan pelayanan anak adalah Lengkap. Petugas menjelaskan jadwal pemberian berikutnya dan meminta orang tua mengamati kondisi bayi setelah pelayanan.",Imunisasi Bayi,Kesehatan Balita,0.44,Salah
Alif Nugraha datang sesuai jadwal usia 43 bulan. Petugas memberikan tindakan pencegahan sesuai jadwal usia dan memperbarui catatan pelayanan pada buku KIA. Orang tua diminta kembali pada jadwal berikutnya. Orang tua turut berkonsultasi mengenai pertumbuhan anak.,Imunisasi Bayi,Kesehatan Balita,0.42,Salah
"Balita datang mengikuti kegiatan rutin di posyandu. Akbar Maulana, usia 38 bulan, menjalani pengukuran fisik rutin. Angka pada timbangan tercatat Lengkap kg dan panjang atau tinggi tubuh tercatat Perlu Tindakan cm. Hasil pencatatan petugas menunjukkan kondisi Normal. Terdapat keterangan tambahan berupa Diare. Keluarga diminta memperhatikan asupan harian dan mengamati perubahan kondisi anak sampai jadwal kunjungan berikutnya.",Gizi Balita,Kesehatan Balita,0.53,Salah
Perubahan kondisi fisik Kayla Lestari kembali diamati pada kunjungan rutin. Angka yang diperoleh adalah 9.5 kg dan 99.6 cm. Petugas mencatat Perlu pemantauan gizi dan meminta keluarga datang kembali bulan depan.,Gizi Balita,Kesehatan Balita,0.39,Salah
Buku KIA milik Bagas Saputra diperiksa pada kunjungan hari ini. Petugas kemudian memberikan tindakan sesuai usia anak dan memperbarui catatan kelengkapannya. Jadwal berikutnya telah disampaikan kepada keluarga.,Imunisasi Bayi,Kesehatan Balita,0.46,Salah
"Bayi datang mengikuti jadwal pelayanan sesuai usianya. Bayi bernama Rafif Pratama, ID B1791, berusia 4 bulan dan berjenis kelamin Laki-laki. Pada kunjungan ini diberikan HB-0. Catatan kelengkapan pelayanan anak adalah Belum Lengkap. Petugas menjelaskan jadwal pemberian berikutnya dan meminta orang tua mengamati kondisi bayi setelah pelayanan. Kondisi fisik anak diamati sebelum tindakan diberikan.",Imunisasi Bayi,Kesehatan Balita,0.46,Salah
"Orang tua membawa bayi sesuai jadwal pada buku KIA. Bayi bernama Salsa Putri, ID B1824, berusia 11 bulan dan berjenis kelamin Perempuan. Pada kunjungan ini diberikan HB-0. Catatan kelengkapan pelayanan anak adalah Lengkap. Petugas menjelaskan jadwal pemberian berikutnya dan meminta orang tua mengamati kondisi bayi setelah pelayanan.",Imunisasi Bayi,Kesehatan Balita,0.51,Salah
"Petugas menerima kunjungan bayi untuk pelayanan lanjutan. Bayi bernama Siti Lestari, ID B419, berusia 17 bulan dan berjenis kelamin Perempuan. Pada kunjungan ini diberikan Campak. Catatan kelengkapan pelayanan anak adalah Lengkap. Petugas menjelaskan jadwal pemberian berikutnya dan meminta orang tua mengamati kondisi bayi setelah pelayanan.",Imunisasi Bayi,Kesehatan Balita,0.48,Salah
Pelayanan lanjutan untuk Alif Nugraha dilakukan berdasarkan riwayat yang tercatat Lengkap. Pada kunjungan ini anak menerima pelayanan lanjutan untuk perlindungan terhadap beberapa penyakit. Keluarga diberi penjelasan mengenai reaksi ringan yang mungkin muncul setelah tindakan.,Imunisasi Bayi,Kesehatan Balita,0.44,Salah
Buku KIA milik Adit Wijaya diperiksa pada kunjungan hari ini. Petugas kemudian memberikan tindakan sesuai usia anak dan memperbarui catatan kelengkapannya. Jadwal berikutnya telah disampaikan kepada keluarga.,Imunisasi Bayi,Kesehatan Balita,0.39,Salah
Buku KIA milik Rahma Permata diperiksa pada kunjungan hari ini. Petugas kemudian memberikan tindakan sesuai usia anak dan memperbarui catatan kelengkapannya. Jadwal berikutnya telah disampaikan kepada keluarga.,Imunisasi Bayi,Kesehatan Balita,0.4,Salah
Pelayanan lanjutan untuk Melati Sari dilakukan berdasarkan riwayat yang tercatat Lengkap. Pada kunjungan ini anak menerima pelayanan lanjutan untuk perlindungan terhadap beberapa penyakit. Keluarga diberi penjelasan mengenai reaksi ringan yang mungkin muncul setelah tindakan.,Imunisasi Bayi,Kesehatan Balita,0.43,Salah
Pelayanan lanjutan untuk Lestari Lestari dilakukan berdasarkan riwayat yang tercatat Lengkap. Pada kunjungan ini anak menerima pelayanan lanjutan untuk perlindungan terhadap beberapa penyakit. Keluarga diberi penjelasan mengenai reaksi ringan yang mungkin muncul setelah tindakan. Orang tua turut berkonsultasi mengenai pertumbuhan anak.,Imunisasi Bayi,Kesehatan Balita,0.46,Salah
Perubahan kondisi fisik Alif Saputra kembali diamati pada kunjungan rutin. Angka yang diperoleh adalah 8.1 kg dan 98.1 cm. Petugas mencatat Pertumbuhan sesuai usia dan meminta keluarga datang kembali bulan depan. Orang tua diingatkan mengikuti jadwal pelayanan lainnya.,Gizi Balita,Kesehatan Balita,0.43,Salah
Buku KIA milik Fikri Saputra diperiksa pada kunjungan hari ini. Petugas kemudian memberikan tindakan sesuai usia anak dan memperbarui catatan kelengkapannya. Jadwal berikutnya telah disampaikan kepada keluarga. Petugas juga menanyakan pola makan anak kepada orang tua.,Imunisasi Bayi,Gizi Balita,0.41,Salah
Fahri Saputra datang sesuai jadwal usia 24 bulan. Petugas memberikan pelayanan lanjutan untuk perlindungan terhadap beberapa penyakit dan memperbarui catatan pelayanan pada buku KIA. Orang tua diminta kembali pada jadwal berikutnya. Petugas juga menanyakan pola makan anak kepada orang tua.,Imunisasi Bayi,Kesehatan Balita,0.49,Salah
Perubahan kondisi fisik Nabila Putri kembali diamati pada kunjungan rutin. Angka yang diperoleh adalah 13.1 kg dan 105.4 cm. Petugas mencatat Pertumbuhan sesuai usia dan meminta keluarga datang kembali bulan depan.,Gizi Balita,Kesehatan Balita,0.41,Salah
"Bayi datang mengikuti jadwal pelayanan sesuai usianya. Bayi bernama Lestari Permata, ID B748, berusia 2 bulan dan berjenis kelamin Perempuan. Pada kunjungan ini diberikan Campak. Catatan kelengkapan pelayanan anak adalah Belum Lengkap. Petugas menjelaskan jadwal pemberian berikutnya dan meminta orang tua mengamati kondisi bayi setelah pelayanan.",Imunisasi Bayi,Kesehatan Balita,0.42,Salah
Perubahan kondisi fisik Galang Nugraha kembali diamati pada kunjungan rutin. Angka yang diperoleh adalah 17.4 kg dan 72.8 cm. Petugas mencatat Pertumbuhan sesuai usia dan meminta keluarga datang kembali bulan depan.,Gizi Balita,Kesehatan Balita,0.44,Salah
"Bayi datang mengikuti jadwal pelayanan sesuai usianya. Bayi bernama Alya Putri, ID B1095, berusia 0 bulan dan berjenis kelamin Perempuan. Pada kunjungan ini diberikan HB-0. Catatan kelengkapan pelayanan anak adalah Lengkap. Petugas menjelaskan jadwal pemberian berikutnya dan meminta orang tua mengamati kondisi bayi setelah pelayanan.",Imunisasi Bayi,Kesehatan Balita,0.42,Salah
"Bayi datang mengikuti jadwal pelayanan sesuai usianya. Bayi bernama Safira Lestari, ID B1218, berusia 10 bulan dan berjenis kelamin Perempuan. Pada kunjungan ini diberikan Campak. Catatan kelengkapan pelayanan anak adalah Lengkap. Petugas menjelaskan jadwal pemberian berikutnya dan meminta orang tua mengamati kondisi bayi setelah pelayanan.",Imunisasi Bayi,Kesehatan Balita,0.44,Salah
"Balita datang mengikuti kegiatan rutin di posyandu. Haikal Setiawan, usia 29 bulan, menjalani pengukuran fisik rutin. Angka pada timbangan tercatat Lengkap kg dan panjang atau tinggi tubuh tercatat Pemantauan cm. Hasil pencatatan petugas menunjukkan kondisi Normal. Terdapat keterangan tambahan berupa Asma. Keluarga diminta memperhatikan asupan harian dan mengamati perubahan kondisi anak sampai jadwal kunjungan berikutnya.",Gizi Balita,Kesehatan Balita,0.52,Salah
Perubahan kondisi fisik Dimas Nugraha kembali diamati pada kunjungan rutin. Angka yang diperoleh adalah 11.7 kg dan 92.5 cm. Petugas mencatat Pertumbuhan sesuai usia dan meminta keluarga datang kembali bulan depan.,Gizi Balita,Kesehatan Balita,0.4,Salah
Perubahan kondisi fisik Syifa Permata kembali diamati pada kunjungan rutin. Angka yang diperoleh adalah 12.5 kg dan 106.9 cm. Petugas mencatat Pertumbuhan sesuai usia dan meminta keluarga datang kembali bulan depan.,Gizi Balita,Kesehatan Balita,0.38,Salah
"Orang tua membawa bayi sesuai jadwal pada buku KIA. Bayi bernama Nabila Putri, ID B459, berusia 1 bulan dan berjenis kelamin Perempuan. Pada kunjungan ini diberikan Campak. Catatan kelengkapan pelayanan anak adalah Lengkap. Petugas menjelaskan jadwal pemberian berikutnya dan meminta orang tua mengamati kondisi bayi setelah pelayanan.",Imunisasi Bayi,Kesehatan Balita,0.42,Salah
Naufal Pratama datang sesuai jadwal usia 22 bulan. Petugas memberikan pelayanan lanjutan untuk perlindungan terhadap beberapa penyakit dan memperbarui catatan pelayanan pada buku KIA. Orang tua diminta kembali pada jadwal berikutnya.,Imunisasi Bayi,Kesehatan Balita,0.47,Salah
"Pada kunjungan bulan ini, Syifa Anggraini memiliki hasil pengukuran Belum Lengkap kg dan Sehat cm. Petugas mencatat kondisi Pemantauan serta memberikan arahan kepada keluarga untuk melakukan pemantauan ulang.",Gizi Balita,Kesehatan Balita,0.46,Salah
Pelayanan lanjutan untuk Naufal Nugraha dilakukan berdasarkan riwayat yang tercatat Lengkap. Pada kunjungan ini anak menerima pelayanan lanjutan untuk perlindungan terhadap beberapa penyakit. Keluarga diberi penjelasan mengenai reaksi ringan yang mungkin muncul setelah tindakan. Kondisi fisik anak diamati sebelum tindakan diberikan.,Imunisasi Bayi,Kesehatan Balita,0.46,Salah
Buku KIA milik Alya Rahma diperiksa pada kunjungan hari ini. Petugas kemudian memberikan tindakan sesuai usia anak dan memperbarui catatan kelengkapannya. Jadwal berikutnya telah disampaikan kepada keluarga.,Imunisasi Bayi,Kesehatan Balita,0.4,Salah
"Kunjungan dilakukan untuk melihat perubahan kondisi anak. Muhammad Permana, usia 42 bulan, menjalani pengukuran fisik rutin. Angka pada timbangan tercatat Belum Lengkap kg dan panjang atau tinggi tubuh tercatat Sehat cm. Hasil pencatatan petugas menunjukkan kondisi Perlu Intervensi. Terdapat keterangan tambahan berupa Campak. Keluarga diminta memperhatikan asupan harian dan mengamati perubahan kondisi anak sampai jadwal kunjungan berikutnya. Catatan pelayanan anak sebelumnya turut diperiksa.",Gizi Balita,Kesehatan Balita,0.47,Salah
"Orang tua membawa bayi sesuai jadwal pada buku KIA. Bayi bernama Lestari Sari, ID B096, berusia 44 bulan dan berjenis kelamin Perempuan. Pada kunjungan ini diberikan 20.7. Catatan kelengkapan pelayanan anak adalah Perlu pengaturan pola makan. Petugas menjelaskan jadwal pemberian berikutnya dan meminta orang tua mengamati kondisi bayi setelah pelayanan. Petugas juga menanyakan pola makan anak kepada orang tua.",Imunisasi Bayi,Gizi Balita,0.39,Salah
"Orang tua membawa anak untuk mengikuti pelayanan rutin. Khansa Putri, usia 41 bulan, menjalani pengukuran fisik rutin. Angka pada timbangan tercatat Lengkap kg dan panjang atau tinggi tubuh tercatat Sehat cm. Hasil pencatatan petugas menunjukkan kondisi Perlu Intervensi. Terdapat keterangan tambahan berupa Asma. Keluarga diminta memperhatikan asupan harian dan mengamati perubahan kondisi anak sampai jadwal kunjungan berikutnya.",Gizi Balita,Kesehatan Balita,0.47,Salah
Pelayanan lanjutan untuk Alya Rahma dilakukan berdasarkan riwayat yang tercatat Lengkap. Pada kunjungan ini anak menerima pelayanan lanjutan untuk perlindungan terhadap beberapa penyakit. Keluarga diberi penjelasan mengenai reaksi ringan yang mungkin muncul setelah tindakan.,Imunisasi Bayi,Kesehatan Balita,0.44,Salah
Perubahan kondisi fisik Naufal Wijaya kembali diamati pada kunjungan rutin. Angka yang diperoleh adalah 16.6 kg dan 80.8 cm. Petugas mencatat Pertumbuhan sesuai usia dan meminta keluarga datang kembali bulan depan.,Gizi Balita,Kesehatan Balita,0.39,Salah
"Orang tua membawa bayi sesuai jadwal pada buku KIA. Bayi bernama Daffa Saputra, ID B940, berusia 13 bulan dan berjenis kelamin Laki-laki. Pada kunjungan ini diberikan Campak. Catatan kelengkapan pelayanan anak adalah Lengkap. Petugas menjelaskan jadwal pemberian berikutnya dan meminta orang tua mengamati kondisi bayi setelah pelayanan.",Imunisasi Bayi,Gizi Balita,0.45,Salah
"Orang tua membawa bayi sesuai jadwal pada buku KIA. Nabila Rahma, usia 11 bulan, memperoleh tindakan 8.5 sesuai catatan jadwal pelayanan anak. Riwayat pemberian sebelumnya tercatat Perlu pemantauan gizi. Orang tua diminta kembali sesuai jadwal pada buku KIA serta mengamati kemungkinan reaksi setelah tindakan.",Imunisasi Bayi,Kesehatan Balita,0.43,Salah
"Petugas menerima kunjungan bayi untuk pelayanan lanjutan. Bayi bernama Aisyah Permata, ID B378, berusia 21 bulan dan berjenis kelamin Perempuan. Pada kunjungan ini diberikan HB-0. Catatan kelengkapan pelayanan anak adalah Belum Lengkap. Petugas menjelaskan jadwal pemberian berikutnya dan meminta orang tua mengamati kondisi bayi setelah pelayanan.",Imunisasi Bayi,Kesehatan Balita,0.42,Salah
Buku KIA milik Kayla Putri diperiksa pada kunjungan hari ini. Petugas kemudian memberikan tindakan sesuai usia anak dan memperbarui catatan kelengkapannya. Jadwal berikutnya telah disampaikan kepada keluarga.,Imunisasi Bayi,Kesehatan Balita,0.37,Salah
Buku KIA milik Fikri Pratama diperiksa pada kunjungan hari ini. Petugas kemudian memberikan tindakan sesuai usia anak dan memperbarui catatan kelengkapannya. Jadwal berikutnya telah disampaikan kepada keluarga.,Imunisasi Bayi,Kesehatan Balita,0.44,Salah
"Petugas menerima kunjungan bayi untuk pelayanan lanjutan. Bayi bernama Rafa Kurniawan, ID B793, berusia 14 bulan dan berjenis kelamin Laki-laki. Pada kunjungan ini diberikan Campak. Catatan kelengkapan pelayanan anak adalah Lengkap. Petugas menjelaskan jadwal pemberian berikutnya dan meminta orang tua mengamati kondisi bayi setelah pelayanan.",Imunisasi Bayi,Gizi Balita,0.41,Salah
"Orang tua membawa anak untuk mengikuti pelayanan rutin. Syifa Maharani, usia 29 bulan, menjalani pengukuran fisik rutin. Angka pada timbangan tercatat Lengkap kg dan panjang atau tinggi tubuh tercatat Sehat cm. Hasil pencatatan petugas menunjukkan kondisi Perlu Intervensi. Terdapat keterangan tambahan berupa ISPA. Keluarga diminta memperhatikan asupan harian dan mengamati perubahan kondisi anak sampai jadwal kunjungan berikutnya.",Gizi Balita,Kesehatan Balita,0.47,Salah
"Kunjungan hari ini mencakup peninjauan kondisi dan perkembangan anak. Indah Rahma, usia 16 bulan, menjalani penilaian kondisi umum, perkembangan sesuai usia, dan riwayat pelayanan sebelumnya. Hasil penilaian kondisi umum adalah Belum Lengkap. Perkembangannya tercatat tidak tersedia, sedangkan catatan pelayanan sebelumnya adalah Polio 3. Keluarga juga menyampaikan riwayat berupa tidak tersedia. Petugas memberikan arahan tindak lanjut sesuai temuan.",Kesehatan Balita,Imunisasi Bayi,0.48,Salah
Perubahan kondisi fisik Dimas Saputra kembali diamati pada kunjungan rutin. Angka yang diperoleh adalah 9.4 kg dan 91.9 cm. Petugas mencatat Pertumbuhan sesuai usia dan meminta keluarga datang kembali bulan depan.,Gizi Balita,Kesehatan Balita,0.46,Salah
Buku KIA milik Galang Kurniawan diperiksa pada kunjungan hari ini. Petugas kemudian memberikan tindakan sesuai usia anak dan memperbarui catatan kelengkapannya. Jadwal berikutnya telah disampaikan kepada keluarga.,Imunisasi Bayi,Kesehatan Balita,0.43,Salah
Perubahan kondisi fisik Anisa Putri kembali diamati pada kunjungan rutin. Angka yang diperoleh adalah 11.3 kg dan 82.2 cm. Petugas mencatat Perlu pemantauan gizi dan meminta keluarga datang kembali bulan depan.,Gizi Balita,Kesehatan Balita,0.38,Salah
Buku KIA milik Rafif Nugraha diperiksa pada kunjungan hari ini. Petugas kemudian memberikan tindakan sesuai usia anak dan memperbarui catatan kelengkapannya. Jadwal berikutnya telah disampaikan kepada keluarga. Orang tua turut berkonsultasi mengenai pertumbuhan anak.,Imunisasi Bayi,Kesehatan Balita,0.42,Salah
"Kunjungan dilakukan untuk melihat perubahan kondisi anak. Nayla Permata, usia 45 bulan, menjalani pengukuran fisik rutin. Angka pada timbangan tercatat Lengkap kg dan panjang atau tinggi tubuh tercatat Sehat cm. Hasil pencatatan petugas menunjukkan kondisi Perlu Intervensi. Terdapat keterangan tambahan berupa Cacar Air. Keluarga diminta memperhatikan asupan harian dan mengamati perubahan kondisi anak sampai jadwal kunjungan berikutnya.",Gizi Balita,Kesehatan Balita,0.46,Salah
Perubahan kondisi fisik Alif Wijaya kembali diamati pada kunjungan rutin. Angka yang diperoleh adalah 9 kg dan 92.7 cm. Petugas mencatat Pertumbuhan sesuai usia dan meminta keluarga datang kembali bulan depan.,Gizi Balita,Kesehatan Balita,0.37,Salah
"Orang tua membawa anak untuk mengikuti pelayanan rutin. Cantika Putri, usia 44 bulan, menjalani pengukuran fisik rutin. Angka pada timbangan tercatat Belum Lengkap kg dan panjang atau tinggi tubuh tercatat Sehat cm. Hasil pencatatan petugas menunjukkan kondisi Perlu Intervensi. Terdapat keterangan tambahan berupa Asma. Keluarga diminta memperhatikan asupan harian dan mengamati perubahan kondisi anak sampai jadwal kunjungan berikutnya. Orang tua diingatkan mengikuti jadwal pelayanan lainnya.",Gizi Balita,Kesehatan Balita,0.57,Salah
Buku KIA milik Naufal Wijaya diperiksa pada kunjungan hari ini. Petugas kemudian memberikan tindakan sesuai usia anak dan memperbarui catatan kelengkapannya. Jadwal berikutnya telah disampaikan kepada keluarga.,Imunisasi Bayi,Kesehatan Balita,0.47,Salah
"Bayi datang mengikuti jadwal pelayanan sesuai usianya. Bayi bernama Anisa Lestari, ID B1783, berusia 9 bulan dan berjenis kelamin Perempuan. Pada kunjungan ini diberikan HB-0. Catatan kelengkapan pelayanan anak adalah Lengkap. Petugas menjelaskan jadwal pemberian berikutnya dan meminta orang tua mengamati kondisi bayi setelah pelayanan. Kondisi fisik anak diamati sebelum tindakan diberikan.",Imunisasi Bayi,Kesehatan Balita,0.44,Salah
Perubahan kondisi fisik Fikri Nugraha kembali diamati pada kunjungan rutin. Angka yang diperoleh adalah 5.2 kg dan 67 cm. Petugas mencatat Perlu penanganan segera dan meminta keluarga datang kembali bulan depan.,Gizi Balita,Kesehatan Balita,0.43,Salah
"Orang tua membawa bayi sesuai jadwal pada buku KIA. Bayi bernama Rafif Kurniawan, ID B1674, berusia 19 bulan dan berjenis kelamin Laki-laki. Pada kunjungan ini diberikan HB-0. Catatan kelengkapan pelayanan anak adalah Lengkap. Petugas menjelaskan jadwal pemberian berikutnya dan meminta orang tua mengamati kondisi bayi setelah pelayanan.",Imunisasi Bayi,Kesehatan Balita,0.45,Salah
Pelayanan lanjutan untuk Iqbal Kurniawan dilakukan berdasarkan riwayat yang tercatat Lengkap. Pada kunjungan ini anak menerima pelayanan untuk perlindungan awal terhadap tuberkulosis. Keluarga diberi penjelasan mengenai reaksi ringan yang mungkin muncul setelah tindakan.,Imunisasi Bayi,Kesehatan Balita,0.49,Salah
"Balita mengikuti kunjungan rutin untuk penilaian menyeluruh. Anak bernama Citra Rahma, ID B100, berusia 21 bulan dan berjenis kelamin Perempuan. Kondisi umum anak tercatat Lengkap. Perkembangan anak tercatat tidak tersedia. Riwayat pelayanan pencegahan tercatat Campak. Riwayat penyakit yang dilaporkan adalah tidak tersedia. Petugas memberikan saran berdasarkan seluruh hasil pemeriksaan dan pencatatan tersebut.",Kesehatan Balita,Imunisasi Bayi,0.47,Salah
Iqbal Nugraha datang sesuai jadwal usia 1 bulan. Petugas memberikan pelayanan lanjutan untuk perlindungan terhadap beberapa penyakit dan memperbarui catatan pelayanan pada buku KIA. Orang tua diminta kembali pada jadwal berikutnya.,Imunisasi Bayi,Kesehatan Balita,0.41,Salah
Pelayanan lanjutan untuk Aisyah Lestari dilakukan berdasarkan riwayat yang tercatat Lengkap. Pada kunjungan ini anak menerima pelayanan lanjutan untuk perlindungan terhadap beberapa penyakit. Keluarga diberi penjelasan mengenai reaksi ringan yang mungkin muncul setelah tindakan.,Imunisasi Bayi,Kesehatan Balita,0.42,Salah
"Orang tua membawa bayi sesuai jadwal pada buku KIA. Bayi bernama Daffa Nugraha, ID B682, berusia 21 bulan dan berjenis kelamin Laki-laki. Pada kunjungan ini diberikan Campak. Catatan kelengkapan pelayanan anak adalah Lengkap. Petugas menjelaskan jadwal pemberian berikutnya dan meminta orang tua mengamati kondisi bayi setelah pelayanan.",Imunisasi Bayi,Kesehatan Balita,0.47,Salah
"Bayi datang mengikuti jadwal pelayanan sesuai usianya. Bayi bernama Citra Permata, ID B809, berusia 8 bulan dan berjenis kelamin Perempuan. Pada kunjungan ini diberikan Campak. Catatan kelengkapan pelayanan anak adalah Lengkap. Petugas menjelaskan jadwal pemberian berikutnya dan meminta orang tua mengamati kondisi bayi setelah pelayanan.",Imunisasi Bayi,Kesehatan Balita,0.41,Salah
Perubahan kondisi fisik Farhan Wijaya kembali diamati pada kunjungan rutin. Angka yang diperoleh adalah 9.9 kg dan 90 cm. Petugas mencatat Pertumbuhan sesuai usia dan meminta keluarga datang kembali bulan depan.,Gizi Balita,Kesehatan Balita,0.4,Salah
"Kunjungan dilakukan untuk melanjutkan pelayanan pencegahan. Bayi bernama Galang Pratama, ID B092, berusia 46 bulan dan berjenis kelamin Laki-laki. Pada kunjungan ini diberikan 11.8. Catatan kelengkapan pelayanan anak adalah Pertumbuhan sesuai usia. Petugas menjelaskan jadwal pemberian berikutnya dan meminta orang tua mengamati kondisi bayi setelah pelayanan. Petugas juga menanyakan pola makan anak kepada orang tua.",Imunisasi Bayi,Gizi Balita,0.41,Salah
Buku KIA milik Melati Rahma diperiksa pada kunjungan hari ini. Petugas kemudian memberikan tindakan sesuai usia anak dan memperbarui catatan kelengkapannya. Jadwal berikutnya telah disampaikan kepada keluarga.,Imunisasi Bayi,Kesehatan Balita,0.39,Salah
"Kunjungan hari ini mencakup peninjauan kondisi dan perkembangan anak. Anak bernama Farhan Nugraha, ID B099, berusia 10 bulan dan berjenis kelamin Laki-laki. Kondisi umum anak tercatat Lengkap. Perkembangan anak tercatat tidak tersedia. Riwayat pelayanan pencegahan tercatat DPT-HB-Hib 2. Riwayat penyakit yang dilaporkan adalah tidak tersedia. Petugas memberikan saran berdasarkan seluruh hasil pemeriksaan dan pencatatan tersebut.",Kesehatan Balita,Imunisasi Bayi,0.53,Salah
Pelayanan lanjutan untuk Bagas Wijaya dilakukan berdasarkan riwayat yang tercatat Lengkap. Pada kunjungan ini anak menerima pelayanan lanjutan untuk perlindungan terhadap beberapa penyakit. Keluarga diberi penjelasan mengenai reaksi ringan yang mungkin muncul setelah tindakan. Petugas juga menanyakan pola makan anak kepada orang tua.,Imunisasi Bayi,Kesehatan Balita,0.43,Salah
Rian Nugraha datang sesuai jadwal usia 2 bulan. Petugas memberikan pelayanan lanjutan untuk perlindungan terhadap beberapa penyakit dan memperbarui catatan pelayanan pada buku KIA. Orang tua diminta kembali pada jadwal berikutnya. Petugas juga menanyakan pola makan anak kepada orang tua.,Imunisasi Bayi,Kesehatan Balita,0.43,Salah
Buku KIA milik Galang Nugraha diperiksa pada kunjungan hari ini. Petugas kemudian memberikan tindakan sesuai usia anak dan memperbarui catatan kelengkapannya. Jadwal berikutnya telah disampaikan kepada keluarga.,Imunisasi Bayi,Kesehatan Balita,0.43,Salah
Perubahan kondisi fisik Fahri Wijaya kembali diamati pada kunjungan rutin. Angka yang diperoleh adalah 12.8 kg dan 96.2 cm. Petugas mencatat Pertumbuhan sesuai usia dan meminta keluarga datang kembali bulan depan.,Gizi Balita,Kesehatan Balita,0.38,Salah
Melati Rahma datang sesuai jadwal usia 15 bulan. Petugas memberikan pelayanan lanjutan untuk perlindungan terhadap beberapa penyakit dan memperbarui catatan pelayanan pada buku KIA. Orang tua diminta kembali pada jadwal berikutnya.,Imunisasi Bayi,Kesehatan Balita,0.39,Salah
"Petugas menerima kunjungan bayi untuk pelayanan lanjutan. Bayi bernama Bagas Nugraha, ID B029, berusia 27 bulan dan berjenis kelamin Laki-laki. Pada kunjungan ini diberikan 10.8. Catatan kelengkapan pelayanan anak adalah Perlu pemantauan gizi. Petugas menjelaskan jadwal pemberian berikutnya dan meminta orang tua mengamati kondisi bayi setelah pelayanan. Orang tua turut berkonsultasi mengenai pertumbuhan anak.",Imunisasi Bayi,Gizi Balita,0.39,Salah
Anisa Lestari datang sesuai jadwal usia 13 bulan. Petugas memberikan pelayanan lanjutan untuk perlindungan terhadap beberapa penyakit dan memperbarui catatan pelayanan pada buku KIA. Orang tua diminta kembali pada jadwal berikutnya.,Imunisasi Bayi,Kesehatan Balita,0.38,Salah
Buku KIA milik Aqila Lestari diperiksa pada kunjungan hari ini. Petugas kemudian memberikan tindakan sesuai usia anak dan memperbarui catatan kelengkapannya. Jadwal berikutnya telah disampaikan kepada keluarga.,Imunisasi Bayi,Kesehatan Balita,0.37,Salah
Pelayanan lanjutan untuk Iqbal Wijaya dilakukan berdasarkan riwayat yang tercatat Lengkap. Pada kunjungan ini anak menerima pelayanan untuk perlindungan awal terhadap tuberkulosis. Keluarga diberi penjelasan mengenai reaksi ringan yang mungkin muncul setelah tindakan. Orang tua turut berkonsultasi mengenai pertumbuhan anak.,Imunisasi Bayi,Kesehatan Balita,0.42,Salah
Putri Sari datang sesuai jadwal usia 15 bulan. Petugas memberikan pelayanan lanjutan untuk perlindungan terhadap beberapa penyakit dan memperbarui catatan pelayanan pada buku KIA. Orang tua diminta kembali pada jadwal berikutnya. Kondisi fisik anak diamati sebelum tindakan diberikan.,Imunisasi Bayi,Kesehatan Balita,0.42,Salah
"Petugas melakukan pencatatan beberapa aspek kondisi anak. Rahma Lestari, usia 7 bulan, menjalani penilaian kondisi umum, perkembangan sesuai usia, dan riwayat pelayanan sebelumnya. Hasil penilaian kondisi umum adalah Lengkap. Perkembangannya tercatat tidak tersedia, sedangkan catatan pelayanan sebelumnya adalah Polio 4. Keluarga juga menyampaikan riwayat berupa tidak tersedia. Petugas memberikan arahan tindak lanjut sesuai temuan.",Kesehatan Balita,Imunisasi Bayi,0.47,Salah
Perubahan kondisi fisik Zahra Permata kembali diamati pada kunjungan rutin. Angka yang diperoleh adalah 12.9 kg dan 79.7 cm. Petugas mencatat Pertumbuhan sesuai usia dan meminta keluarga datang kembali bulan depan.,Gizi Balita,Kesehatan Balita,0.44,Salah
"Orang tua membawa bayi sesuai jadwal pada buku KIA. Bayi bernama Citra Lestari, ID B565, berusia 3 bulan dan berjenis kelamin Perempuan. Pada kunjungan ini diberikan Campak. Catatan kelengkapan pelayanan anak adalah Lengkap. Petugas menjelaskan jadwal pemberian berikutnya dan meminta orang tua mengamati kondisi bayi setelah pelayanan.",Imunisasi Bayi,Kesehatan Balita,0.45,Salah
Perubahan kondisi fisik Safira Permata kembali diamati pada kunjungan rutin. Angka yang diperoleh adalah 8.8 kg dan 71.1 cm. Petugas mencatat Pertumbuhan sesuai usia dan meminta keluarga datang kembali bulan depan.,Gizi Balita,Kesehatan Balita,0.38,Salah
"Orang tua membawa anak untuk menjalani pelayanan rutin terpadu. Anak bernama Rizky Wijaya, ID B035, berusia 24 bulan dan berjenis kelamin Laki-laki. Kondisi umum anak tercatat Belum Lengkap. Perkembangan anak tercatat tidak tersedia. Riwayat pelayanan pencegahan tercatat Polio 2. Riwayat penyakit yang dilaporkan adalah tidak tersedia. Petugas memberikan saran berdasarkan seluruh hasil pemeriksaan dan pencatatan tersebut. Petugas memberi perhatian khusus pada perkembangan anak.",Kesehatan Balita,Imunisasi Bayi,0.49,Salah
Perubahan kondisi fisik Fahri Pratama kembali diamati pada kunjungan rutin. Angka yang diperoleh adalah 13.4 kg dan 84.4 cm. Petugas mencatat Pertumbuhan sesuai usia dan meminta keluarga datang kembali bulan depan.,Gizi Balita,Kesehatan Balita,0.38,Salah
"Orang tua membawa anak untuk mengikuti pelayanan rutin. Khansa Oktavia, usia 29 bulan, menjalani pengukuran fisik rutin. Angka pada timbangan tercatat Tidak Lengkap kg dan panjang atau tinggi tubuh tercatat Pemantauan cm. Hasil pencatatan petugas menunjukkan kondisi Pemantauan. Terdapat keterangan tambahan berupa ISPA. Keluarga diminta memperhatikan asupan harian dan mengamati perubahan kondisi anak sampai jadwal kunjungan berikutnya.",Gizi Balita,Kesehatan Balita,0.54,Salah
Perubahan kondisi fisik Azka Kurniawan kembali diamati pada kunjungan rutin. Angka yang diperoleh adalah 9.8 kg dan 79.8 cm. Petugas mencatat Perlu pemantauan gizi dan meminta keluarga datang kembali bulan depan.,Gizi Balita,Kesehatan Balita,0.4,Salah
Fikri Saputra datang sesuai jadwal usia 23 bulan. Petugas memberikan pelayanan lanjutan untuk perlindungan terhadap beberapa penyakit dan memperbarui catatan pelayanan pada buku KIA. Orang tua diminta kembali pada jadwal berikutnya.,Imunisasi Bayi,Kesehatan Balita,0.47,Salah
Buku KIA milik Syifa Permata diperiksa pada kunjungan hari ini. Petugas kemudian memberikan tindakan sesuai usia anak dan memperbarui catatan kelengkapannya. Jadwal berikutnya telah disampaikan kepada keluarga.,Imunisasi Bayi,Kesehatan Balita,0.39,Salah
"Bayi datang mengikuti jadwal pelayanan sesuai usianya. Bayi bernama Rizky Saputra, ID B047, berusia 49 bulan dan berjenis kelamin Laki-laki. Pada kunjungan ini diberikan 9.9. Catatan kelengkapan pelayanan anak adalah Pertumbuhan sesuai usia. Petugas menjelaskan jadwal pemberian berikutnya dan meminta orang tua mengamati kondisi bayi setelah pelayanan.",Imunisasi Bayi,Kesehatan Balita,0.47,Salah
"Catatan kunjungan Aisyah Oktavia, usia 36 bulan: hasil pengukuran tubuh adalah Belum Lengkap kg dan Perlu Tindakan cm. Kondisi yang tercatat yaitu Perlu Intervensi. Orang tua diminta memperhatikan kebutuhan harian anak. Orang tua diingatkan mengikuti jadwal pelayanan lainnya.",Gizi Balita,Kesehatan Balita,0.44,Salah
Perubahan kondisi fisik Fauzan Saputra kembali diamati pada kunjungan rutin. Angka yang diperoleh adalah Tidak Lengkap kg dan Perlu Tindakan cm. Petugas mencatat Alergi dan meminta keluarga datang kembali bulan depan.,Gizi Balita,Kesehatan Balita,0.39,Salah
Kayla Putri datang sesuai jadwal usia 1 bulan. Petugas memberikan pelayanan lanjutan untuk perlindungan terhadap beberapa penyakit dan memperbarui catatan pelayanan pada buku KIA. Orang tua diminta kembali pada jadwal berikutnya.,Imunisasi Bayi,Kesehatan Balita,0.48,Salah
Perubahan kondisi fisik Arga Pratama kembali diamati pada kunjungan rutin. Angka yang diperoleh adalah 6.5 kg dan 94.5 cm. Petugas mencatat Perlu penanganan segera dan meminta keluarga datang kembali bulan depan.,Gizi Balita,Kesehatan Balita,0.4,Salah
"Petugas menerima kunjungan bayi untuk pelayanan lanjutan. Bayi bernama Naufal Pratama, ID B1501, berusia 0 bulan dan berjenis kelamin Laki-laki. Pada kunjungan ini diberikan Campak. Catatan kelengkapan pelayanan anak adalah Lengkap. Petugas menjelaskan jadwal pemberian berikutnya dan meminta orang tua mengamati kondisi bayi setelah pelayanan. Kondisi fisik anak diamati sebelum tindakan diberikan.",Imunisasi Bayi,Kesehatan Balita,0.46,Salah
Safira Sari datang sesuai jadwal usia 11 bulan. Petugas memberikan pelayanan untuk perlindungan awal terhadap tuberkulosis dan memperbarui catatan pelayanan pada buku KIA. Orang tua diminta kembali pada jadwal berikutnya.,Imunisasi Bayi,Kesehatan Balita,0.43,Salah
Alif Saputra datang sesuai jadwal usia 16 bulan. Petugas memberikan tindakan pencegahan sesuai jadwal usia dan memperbarui catatan pelayanan pada buku KIA. Orang tua diminta kembali pada jadwal berikutnya.,Imunisasi Bayi,Kesehatan Balita,0.38,Salah
Buku KIA milik Nayla Rahma diperiksa pada kunjungan hari ini. Petugas kemudian memberikan tindakan sesuai usia anak dan memperbarui catatan kelengkapannya. Jadwal berikutnya telah disampaikan kepada keluarga.,Imunisasi Bayi,Kesehatan Balita,0.39,Salah
Zidan Saputra datang sesuai jadwal usia 0 bulan. Petugas memberikan pelayanan lanjutan untuk perlindungan terhadap beberapa penyakit dan memperbarui catatan pelayanan pada buku KIA. Orang tua diminta kembali pada jadwal berikutnya.,Imunisasi Bayi,Kesehatan Balita,0.38,Salah
"Orang tua membawa bayi sesuai jadwal pada buku KIA. Bayi bernama Azka Nugraha, ID B1107, berusia 17 bulan dan berjenis kelamin Laki-laki. Pada kunjungan ini diberikan Campak. Catatan kelengkapan pelayanan anak adalah Lengkap. Petugas menjelaskan jadwal pemberian berikutnya dan meminta orang tua mengamati kondisi bayi setelah pelayanan.",Imunisasi Bayi,Kesehatan Balita,0.44,Salah
Buku KIA milik Aisyah Lestari diperiksa pada kunjungan hari ini. Petugas kemudian memberikan tindakan sesuai usia anak dan memperbarui catatan kelengkapannya. Jadwal berikutnya telah disampaikan kepada keluarga. Orang tua turut berkonsultasi mengenai pertumbuhan anak.,Imunisasi Bayi,Kesehatan Balita,0.44,Salah
Buku KIA milik Alif Wijaya diperiksa pada kunjungan hari ini. Petugas kemudian memberikan tindakan sesuai usia anak dan memperbarui catatan kelengkapannya. Jadwal berikutnya telah disampaikan kepada keluarga.,Imunisasi Bayi,Kesehatan Balita,0.39,Salah
Arga Wijaya datang sesuai jadwal usia 11 bulan. Petugas memberikan pelayanan lanjutan untuk perlindungan terhadap beberapa penyakit dan memperbarui catatan pelayanan pada buku KIA. Orang tua diminta kembali pada jadwal berikutnya.,Imunisasi Bayi,Kesehatan Balita,0.4,Salah
Perubahan kondisi fisik Siti Putri kembali diamati pada kunjungan rutin. Angka yang diperoleh adalah 11.8 kg dan 101.8 cm. Petugas mencatat Pertumbuhan sesuai usia dan meminta keluarga datang kembali bulan depan.,Gizi Balita,Kesehatan Balita,0.39,Salah
Buku KIA milik Rian Kurniawan diperiksa pada kunjungan hari ini. Petugas kemudian memberikan tindakan sesuai usia anak dan memperbarui catatan kelengkapannya. Jadwal berikutnya telah disampaikan kepada keluarga.,Imunisasi Bayi,Kesehatan Balita,0.39,Salah
Pelayanan lanjutan untuk Alif Saputra dilakukan berdasarkan riwayat yang tercatat Lengkap. Pada kunjungan ini anak menerima pelayanan lanjutan untuk perlindungan terhadap beberapa penyakit. Keluarga diberi penjelasan mengenai reaksi ringan yang mungkin muncul setelah tindakan. Petugas juga menanyakan pola makan anak kepada orang tua.,Imunisasi Bayi,Kesehatan Balita,0.46,Salah
Pelayanan lanjutan untuk Reza Nugraha dilakukan berdasarkan riwayat yang tercatat Belum Lengkap. Pada kunjungan ini anak menerima pelayanan lanjutan untuk perlindungan terhadap beberapa penyakit. Keluarga diberi penjelasan mengenai reaksi ringan yang mungkin muncul setelah tindakan.,Imunisasi Bayi,Kesehatan Balita,0.41,Salah
Buku KIA milik Aisyah Putri diperiksa pada kunjungan hari ini. Petugas kemudian memberikan tindakan sesuai usia anak dan memperbarui catatan kelengkapannya. Jadwal berikutnya telah disampaikan kepada keluarga.,Imunisasi Bayi,Kesehatan Balita,0.38,Salah
Farhan Kurniawan datang sesuai jadwal usia 5 bulan. Petugas memberikan pelayanan untuk perlindungan awal terhadap tuberkulosis dan memperbarui catatan pelayanan pada buku KIA. Orang tua diminta kembali pada jadwal berikutnya.,Imunisasi Bayi,Kesehatan Balita,0.45,Salah
Perubahan kondisi fisik Galang Pratama kembali diamati pada kunjungan rutin. Angka yang diperoleh adalah 15.8 kg dan 109.4 cm. Petugas mencatat Pertumbuhan sesuai usia dan meminta keluarga datang kembali bulan depan. Catatan pelayanan anak sebelumnya turut diperiksa.,Gizi Balita,Kesehatan Balita,0.48,Salah
Buku KIA milik Rahma Lestari diperiksa pada kunjungan hari ini. Petugas kemudian memberikan tindakan sesuai usia anak dan memperbarui catatan kelengkapannya. Jadwal berikutnya telah disampaikan kepada keluarga.,Imunisasi Bayi,Kesehatan Balita,0.46,Salah
Rafif Kurniawan datang sesuai jadwal usia 2 bulan. Petugas memberikan pelayanan lanjutan untuk perlindungan terhadap beberapa penyakit dan memperbarui catatan pelayanan pada buku KIA. Orang tua diminta kembali pada jadwal berikutnya. Orang tua turut berkonsultasi mengenai pertumbuhan anak.,Imunisasi Bayi,Kesehatan Balita,0.47,Salah
Buku KIA milik Fahri Nugraha diperiksa pada kunjungan hari ini. Petugas kemudian memberikan tindakan sesuai usia anak dan memperbarui catatan kelengkapannya. Jadwal berikutnya telah disampaikan kepada keluarga.,Imunisasi Bayi,Kesehatan Balita,0.43,Salah
"Petugas menerima kunjungan bayi untuk pelayanan lanjutan. Bayi bernama Ahmad Saputra, ID B642, berusia 1 bulan dan berjenis kelamin Laki-laki. Pada kunjungan ini diberikan Campak. Catatan kelengkapan pelayanan anak adalah Lengkap. Petugas menjelaskan jadwal pemberian berikutnya dan meminta orang tua mengamati kondisi bayi setelah pelayanan.",Imunisasi Bayi,Kesehatan Balita,0.47,Salah
Galang Saputra datang sesuai jadwal usia 16 bulan. Petugas memberikan pelayanan lanjutan untuk perlindungan terhadap beberapa penyakit dan memperbarui catatan pelayanan pada buku KIA. Orang tua diminta kembali pada jadwal berikutnya.,Imunisasi Bayi,Kesehatan Balita,0.37,Salah
Fikri Kurniawan datang sesuai jadwal usia 0 bulan. Petugas memberikan pelayanan lanjutan untuk perlindungan terhadap beberapa penyakit dan memperbarui catatan pelayanan pada buku KIA. Orang tua diminta kembali pada jadwal berikutnya.,Imunisasi Bayi,Kesehatan Balita,0.37,Salah
Buku KIA milik Zidan Saputra diperiksa pada kunjungan hari ini. Petugas kemudian memberikan tindakan sesuai usia anak dan memperbarui catatan kelengkapannya. Jadwal berikutnya telah disampaikan kepada keluarga.,Imunisasi Bayi,Kesehatan Balita,0.46,Salah
"Orang tua membawa anak untuk menjalani pelayanan rutin terpadu. Rafa Wijaya, usia 3 bulan, menjalani penilaian kondisi umum, perkembangan sesuai usia, dan riwayat pelayanan sebelumnya. Hasil penilaian kondisi umum adalah Lengkap. Perkembangannya tercatat tidak tersedia, sedangkan catatan pelayanan sebelumnya adalah BCG. Keluarga juga menyampaikan riwayat berupa tidak tersedia. Petugas memberikan arahan tindak lanjut sesuai temuan.",Kesehatan Balita,Imunisasi Bayi,0.46,Salah
Buku KIA milik Indah Sari diperiksa pada kunjungan hari ini. Petugas kemudian memberikan tindakan sesuai usia anak dan memperbarui catatan kelengkapannya. Jadwal berikutnya telah disampaikan kepada keluarga.,Imunisasi Bayi,Kesehatan Balita,0.37,Salah
"Petugas menerima kunjungan bayi untuk pelayanan lanjutan. Bayi bernama Syifa Permata, ID B1436, berusia 4 bulan dan berjenis kelamin Perempuan. Pada kunjungan ini diberikan HB-0. Catatan kelengkapan pelayanan anak adalah Lengkap. Petugas menjelaskan jadwal pemberian berikutnya dan meminta orang tua mengamati kondisi bayi setelah pelayanan.",Imunisasi Bayi,Kesehatan Balita,0.5,Salah
"Kunjungan dilakukan untuk melihat perubahan kondisi anak. Nadira Anggraini, usia 27 bulan, menjalani pengukuran fisik rutin. Angka pada timbangan tercatat Lengkap kg dan panjang atau tinggi tubuh tercatat Pemantauan cm. Hasil pencatatan petugas menunjukkan kondisi Pemantauan. Terdapat keterangan tambahan berupa ISPA. Keluarga diminta memperhatikan asupan harian dan mengamati perubahan kondisi anak sampai jadwal kunjungan berikutnya.",Gizi Balita,Kesehatan Balita,0.46,Salah
"Orang tua membawa anak untuk menjalani pelayanan rutin terpadu. Iqbal Pratama, usia 24 bulan, menjalani penilaian kondisi umum, perkembangan sesuai usia, dan riwayat pelayanan sebelumnya. Hasil penilaian kondisi umum adalah Lengkap. Perkembangannya tercatat tidak tersedia, sedangkan catatan pelayanan sebelumnya adalah Polio 4. Keluarga juga menyampaikan riwayat berupa tidak tersedia. Petugas memberikan arahan tindak lanjut sesuai temuan.",Kesehatan Balita,Imunisasi Bayi,0.45,Salah
"Balita datang mengikuti kegiatan rutin di posyandu. Anak bernama Putri Permata, ID B048, berusia 29 bulan dan berjenis kelamin Perempuan. Hasil penimbangan menunjukkan berat badan Lengkap kg, sedangkan hasil pengukuran tinggi badan adalah Perlu Tindakan cm. Berdasarkan hasil pengukuran tersebut, kondisi anak tercatat sebagai Perlu Intervensi. Catatan petugas: Cacar Air. Orang tua dianjurkan memperhatikan pola makan anak dan melakukan pengukuran kembali pada kunjungan berikutnya.",Gizi Balita,Kesehatan Balita,0.49,Salah
Buku KIA milik Alif Wijaya diperiksa pada kunjungan hari ini. Petugas kemudian memberikan tindakan sesuai usia anak dan memperbarui catatan kelengkapannya. Jadwal berikutnya telah disampaikan kepada keluarga.,Imunisasi Bayi,Kesehatan Balita,0.4,Salah
Buku KIA milik Lestari Putri diperiksa pada kunjungan hari ini. Petugas kemudian memberikan tindakan sesuai usia anak dan memperbarui catatan kelengkapannya. Jadwal berikutnya telah disampaikan kepada keluarga.,Imunisasi Bayi,Kesehatan Balita,0.39,Salah
Perubahan kondisi fisik Adit Pratama kembali diamati pada kunjungan rutin. Angka yang diperoleh adalah 8 kg dan 81.1 cm. Petugas mencatat Perlu penanganan segera dan meminta keluarga datang kembali bulan depan.,Gizi Balita,Kesehatan Balita,0.43,Salah
"Orang tua membawa bayi sesuai jadwal pada buku KIA. Bayi bernama Dimas Nugraha, ID B1677, berusia 15 bulan dan berjenis kelamin Laki-laki. Pada kunjungan ini diberikan Campak. Catatan kelengkapan pelayanan anak adalah Lengkap. Petugas menjelaskan jadwal pemberian berikutnya dan meminta orang tua mengamati kondisi bayi setelah pelayanan.",Imunisasi Bayi,Gizi Balita,0.46,Salah
Perubahan kondisi fisik Farhan Pratama kembali diamati pada kunjungan rutin. Angka yang diperoleh adalah 16.5 kg dan 106.1 cm. Petugas mencatat Pertumbuhan sesuai usia dan meminta keluarga datang kembali bulan depan.,Gizi Balita,Kesehatan Balita,0.38,Salah
Perubahan kondisi fisik Azka Pratama kembali diamati pada kunjungan rutin. Angka yang diperoleh adalah 9 kg dan 71.8 cm. Petugas mencatat Pertumbuhan sesuai usia dan meminta keluarga datang kembali bulan depan. Buku KIA juga diperiksa secara singkat oleh petugas.,Gizi Balita,Kesehatan Balita,0.43,Salah
Perubahan kondisi fisik Syifa Putri kembali diamati pada kunjungan rutin. Angka yang diperoleh adalah Tidak Lengkap kg dan Pemantauan cm. Petugas mencatat Alergi dan meminta keluarga datang kembali bulan depan.,Gizi Balita,Kesehatan Balita,0.36,Salah
"Orang tua membawa bayi sesuai jadwal pada buku KIA. Bayi bernama Indah Lestari, ID B1056, berusia 0 bulan dan berjenis kelamin Perempuan. Pada kunjungan ini diberikan Campak. Catatan kelengkapan pelayanan anak adalah Lengkap. Petugas menjelaskan jadwal pemberian berikutnya dan meminta orang tua mengamati kondisi bayi setelah pelayanan.",Imunisasi Bayi,Kesehatan Balita,0.44,Salah
Buku KIA milik Rafa Kurniawan diperiksa pada kunjungan hari ini. Petugas kemudian memberikan tindakan sesuai usia anak dan memperbarui catatan kelengkapannya. Jadwal berikutnya telah disampaikan kepada keluarga.,Imunisasi Bayi,Kesehatan Balita,0.38,Salah
Buku KIA milik Alif Wijaya diperiksa pada kunjungan hari ini. Petugas kemudian memberikan tindakan sesuai usia anak dan memperbarui catatan kelengkapannya. Jadwal berikutnya telah disampaikan kepada keluarga.,Imunisasi Bayi,Kesehatan Balita,0.38,Salah
Buku KIA milik Adit Kurniawan diperiksa pada kunjungan hari ini. Petugas kemudian memberikan tindakan sesuai usia anak dan memperbarui catatan kelengkapannya. Jadwal berikutnya telah disampaikan kepada keluarga.,Imunisasi Bayi,Kesehatan Balita,0.37,Salah
Perubahan kondisi fisik Rafa Nugraha kembali diamati pada kunjungan rutin. Angka yang diperoleh adalah 10.1 kg dan 85.3 cm. Petugas mencatat Pertumbuhan sesuai usia dan meminta keluarga datang kembali bulan depan.,Gizi Balita,Kesehatan Balita,0.37,Salah
"Kunjungan dilakukan untuk melihat perubahan kondisi anak. Safira Rahmawati, usia 25 bulan, menjalani pengukuran fisik rutin. Angka pada timbangan tercatat Lengkap kg dan panjang atau tinggi tubuh tercatat Sehat cm. Hasil pencatatan petugas menunjukkan kondisi Perlu Intervensi. Terdapat keterangan tambahan berupa Diare. Keluarga diminta memperhatikan asupan harian dan mengamati perubahan kondisi anak sampai jadwal kunjungan berikutnya.",Gizi Balita,Kesehatan Balita,0.46,Salah
Amelia Rahma datang sesuai jadwal usia 9 bulan. Petugas memberikan pelayanan lanjutan untuk perlindungan terhadap beberapa penyakit dan memperbarui catatan pelayanan pada buku KIA. Orang tua diminta kembali pada jadwal berikutnya.,Imunisasi Bayi,Kesehatan Balita,0.45,Salah
Buku KIA milik Naufal Nugraha diperiksa pada kunjungan hari ini. Petugas kemudian memberikan tindakan sesuai usia anak dan memperbarui catatan kelengkapannya. Jadwal berikutnya telah disampaikan kepada keluarga.,Imunisasi Bayi,Kesehatan Balita,0.38,Salah
Buku KIA milik Siti Permata diperiksa pada kunjungan hari ini. Petugas kemudian memberikan tindakan sesuai usia anak dan memperbarui catatan kelengkapannya. Jadwal berikutnya telah disampaikan kepada keluarga.,Imunisasi Bayi,Kesehatan Balita,0.39,Salah
"Orang tua membawa bayi sesuai jadwal pada buku KIA. Bayi bernama Safira Rahma, ID B141, berusia 12 bulan dan berjenis kelamin Perempuan. Pada kunjungan ini diberikan Campak. Catatan kelengkapan pelayanan anak adalah Lengkap. Petugas menjelaskan jadwal pemberian berikutnya dan meminta orang tua mengamati kondisi bayi setelah pelayanan.",Imunisasi Bayi,Kesehatan Balita,0.43,Salah
"Bayi datang mengikuti jadwal pelayanan sesuai usianya. Nabila Permata, usia 4 bulan, memperoleh tindakan 15.9 sesuai catatan jadwal pelayanan anak. Riwayat pemberian sebelumnya tercatat Pertumbuhan sesuai usia. Orang tua diminta kembali sesuai jadwal pada buku KIA serta mengamati kemungkinan reaksi setelah tindakan. Petugas juga menanyakan pola makan anak kepada orang tua.",Imunisasi Bayi,Gizi Balita,0.38,Salah
Pelayanan lanjutan untuk Galang Kurniawan dilakukan berdasarkan riwayat yang tercatat Lengkap. Pada kunjungan ini anak menerima pelayanan lanjutan untuk perlindungan terhadap beberapa penyakit. Keluarga diberi penjelasan mengenai reaksi ringan yang mungkin muncul setelah tindakan.,Imunisasi Bayi,Kesehatan Balita,0.43,Salah
"Kunjungan dilakukan untuk melihat perubahan kondisi anak. Galih Setiawan, usia 58 bulan, menjalani pengukuran fisik rutin. Angka pada timbangan tercatat Belum Lengkap kg dan panjang atau tinggi tubuh tercatat Perlu Tindakan cm. Hasil pencatatan petugas menunjukkan kondisi Perlu Intervensi. Terdapat keterangan tambahan berupa Cacar Air. Keluarga diminta memperhatikan asupan harian dan mengamati perubahan kondisi anak sampai jadwal kunjungan berikutnya.",Gizi Balita,Kesehatan Balita,0.47,Salah
Buku KIA milik Farhan Wijaya diperiksa pada kunjungan hari ini. Petugas kemudian memberikan tindakan sesuai usia anak dan memperbarui catatan kelengkapannya. Jadwal berikutnya telah disampaikan kepada keluarga.,Imunisasi Bayi,Kesehatan Balita,0.45,Salah
Pelayanan lanjutan untuk Rania Putri dilakukan berdasarkan riwayat yang tercatat Lengkap. Pada kunjungan ini anak menerima pelayanan lanjutan untuk perlindungan terhadap beberapa penyakit. Keluarga diberi penjelasan mengenai reaksi ringan yang mungkin muncul setelah tindakan. Petugas juga menanyakan pola makan anak kepada orang tua.,Imunisasi Bayi,Kesehatan Balita,0.45,Salah
"Bayi datang mengikuti jadwal pelayanan sesuai usianya. Bayi bernama Nabila Rahma, ID B1353, berusia 12 bulan dan berjenis kelamin Perempuan. Pada kunjungan ini diberikan Campak. Catatan kelengkapan pelayanan anak adalah Lengkap. Petugas menjelaskan jadwal pemberian berikutnya dan meminta orang tua mengamati kondisi bayi setelah pelayanan.",Imunisasi Bayi,Kesehatan Balita,0.43,Salah
Naufal Saputra datang sesuai jadwal usia 22 bulan. Petugas memberikan tindakan pencegahan sesuai jadwal usia dan memperbarui catatan pelayanan pada buku KIA. Orang tua diminta kembali pada jadwal berikutnya.,Imunisasi Bayi,Kesehatan Balita,0.4,Salah
Pelayanan lanjutan untuk Rania Permata dilakukan berdasarkan riwayat yang tercatat Lengkap. Pada kunjungan ini anak menerima pelayanan lanjutan untuk perlindungan terhadap beberapa penyakit. Keluarga diberi penjelasan mengenai reaksi ringan yang mungkin muncul setelah tindakan.,Imunisasi Bayi,Kesehatan Balita,0.43,Salah
"Petugas menerima kunjungan bayi untuk pelayanan lanjutan. Bayi bernama Putri Permata, ID B553, berusia 16 bulan dan berjenis kelamin Perempuan. Pada kunjungan ini diberikan Campak. Catatan kelengkapan pelayanan anak adalah Lengkap. Petugas menjelaskan jadwal pemberian berikutnya dan meminta orang tua mengamati kondisi bayi setelah pelayanan.",Imunisasi Bayi,Kesehatan Balita,0.44,Salah
Perubahan kondisi fisik Aulia Salsabila kembali diamati pada kunjungan rutin. Angka yang diperoleh adalah Belum Lengkap kg dan Pemantauan cm. Petugas mencatat Diare dan meminta keluarga datang kembali bulan depan.,Gizi Balita,Kesehatan Balita,0.36,Salah
Safira Permata datang sesuai jadwal usia 12 bulan. Petugas memberikan pelayanan lanjutan untuk perlindungan terhadap beberapa penyakit dan memperbarui catatan pelayanan pada buku KIA. Orang tua diminta kembali pada jadwal berikutnya.,Imunisasi Bayi,Kesehatan Balita,0.4,Salah
"Bayi datang mengikuti jadwal pelayanan sesuai usianya. Daffa Nugraha, usia 44 bulan, memperoleh tindakan 14.6 sesuai catatan jadwal pelayanan anak. Riwayat pemberian sebelumnya tercatat Pertumbuhan sesuai usia. Orang tua diminta kembali sesuai jadwal pada buku KIA serta mengamati kemungkinan reaksi setelah tindakan. Petugas juga menanyakan pola makan anak kepada orang tua.",Imunisasi Bayi,Gizi Balita,0.47,Salah
Buku KIA milik Indah Putri diperiksa pada kunjungan hari ini. Petugas kemudian memberikan tindakan sesuai usia anak dan memperbarui catatan kelengkapannya. Jadwal berikutnya telah disampaikan kepada keluarga.,Imunisasi Bayi,Kesehatan Balita,0.38,Salah
Perubahan kondisi fisik Farhan Wijaya kembali diamati pada kunjungan rutin. Angka yang diperoleh adalah 15 kg dan 88.3 cm. Petugas mencatat Pertumbuhan sesuai usia dan meminta keluarga datang kembali bulan depan.,Gizi Balita,Kesehatan Balita,0.36,Salah
Perubahan kondisi fisik Salsa Putri kembali diamati pada kunjungan rutin. Angka yang diperoleh adalah 16 kg dan 92.3 cm. Petugas mencatat Pertumbuhan sesuai usia dan meminta keluarga datang kembali bulan depan. Buku KIA juga diperiksa secara singkat oleh petugas.,Gizi Balita,Kesehatan Balita,0.43,Salah
Buku KIA milik Galang Pratama diperiksa pada kunjungan hari ini. Petugas kemudian memberikan tindakan sesuai usia anak dan memperbarui catatan kelengkapannya. Jadwal berikutnya telah disampaikan kepada keluarga.,Imunisasi Bayi,Kesehatan Balita,0.43,Salah
Ahmad Wijaya datang sesuai jadwal usia 12 bulan. Petugas memberikan pelayanan lanjutan untuk perlindungan terhadap beberapa penyakit dan memperbarui catatan pelayanan pada buku KIA. Orang tua diminta kembali pada jadwal berikutnya.,Imunisasi Bayi,Kesehatan Balita,0.47,Salah
Perubahan kondisi fisik Siti Permata kembali diamati pada kunjungan rutin. Angka yang diperoleh adalah Lengkap kg dan Sehat cm. Petugas mencatat Campak dan meminta keluarga datang kembali bulan depan.,Gizi Balita,Kesehatan Balita,0.37,Salah
"Orang tua membawa bayi sesuai jadwal pada buku KIA. Bayi bernama Nabila Sari, ID B1772, berusia 15 bulan dan berjenis kelamin Perempuan. Pada kunjungan ini diberikan Campak. Catatan kelengkapan pelayanan anak adalah Lengkap. Petugas menjelaskan jadwal pemberian berikutnya dan meminta orang tua mengamati kondisi bayi setelah pelayanan. Orang tua turut berkonsultasi mengenai pertumbuhan anak.",Imunisasi Bayi,Kesehatan Balita,0.44,Salah
Buku KIA milik Galang Nugraha diperiksa pada kunjungan hari ini. Petugas kemudian memberikan tindakan sesuai usia anak dan memperbarui catatan kelengkapannya. Jadwal berikutnya telah disampaikan kepada keluarga. Kondisi fisik anak diamati sebelum tindakan diberikan.,Imunisasi Bayi,Kesehatan Balita,0.41,Salah
Pelayanan lanjutan untuk Ahmad Pratama dilakukan berdasarkan riwayat yang tercatat Lengkap. Pada kunjungan ini anak menerima pelayanan lanjutan untuk perlindungan terhadap beberapa penyakit. Keluarga diberi penjelasan mengenai reaksi ringan yang mungkin muncul setelah tindakan.,Imunisasi Bayi,Kesehatan Balita,0.42,Salah
"Catatan kunjungan Aurel Anggraini, usia 45 bulan: hasil pengukuran tubuh adalah Lengkap kg dan Pemantauan cm. Kondisi yang tercatat yaitu Pemantauan. Orang tua diminta memperhatikan kebutuhan harian anak. Catatan pelayanan anak sebelumnya turut diperiksa.",Gizi Balita,Kesehatan Balita,0.47,Salah
"Bayi datang mengikuti jadwal pelayanan sesuai usianya. Rafif Wijaya, usia 32 bulan, memperoleh tindakan 11.5 sesuai catatan jadwal pelayanan anak. Riwayat pemberian sebelumnya tercatat Pertumbuhan sesuai usia. Orang tua diminta kembali sesuai jadwal pada buku KIA serta mengamati kemungkinan reaksi setelah tindakan. Petugas juga menanyakan pola makan anak kepada orang tua.",Imunisasi Bayi,Gizi Balita,0.41,Salah
"Petugas menerima kunjungan bayi untuk pelayanan lanjutan. Bayi bernama Azka Pratama, ID B976, berusia 3 bulan dan berjenis kelamin Laki-laki. Pada kunjungan ini diberikan Campak. Catatan kelengkapan pelayanan anak adalah Lengkap. Petugas menjelaskan jadwal pemberian berikutnya dan meminta orang tua mengamati kondisi bayi setelah pelayanan.",Imunisasi Bayi,Kesehatan Balita,0.44,Salah
"Orang tua membawa bayi sesuai jadwal pada buku KIA. Bayi bernama Syifa Rahma, ID B1088, berusia 2 bulan dan berjenis kelamin Perempuan. Pada kunjungan ini diberikan HB-0. Catatan kelengkapan pelayanan anak adalah Lengkap. Petugas menjelaskan jadwal pemberian berikutnya dan meminta orang tua mengamati kondisi bayi setelah pelayanan.",Imunisasi Bayi,Kesehatan Balita,0.5,Salah
Buku KIA milik Safira Permata diperiksa pada kunjungan hari ini. Petugas kemudian memberikan tindakan sesuai usia anak dan memperbarui catatan kelengkapannya. Jadwal berikutnya telah disampaikan kepada keluarga.,Imunisasi Bayi,Kesehatan Balita,0.39,Salah
Perubahan kondisi fisik Nayla Rahma kembali diamati pada kunjungan rutin. Angka yang diperoleh adalah 15.6 kg dan 97.3 cm. Petugas mencatat Pertumbuhan sesuai usia dan meminta keluarga datang kembali bulan depan.,Gizi Balita,Kesehatan Balita,0.39,Salah
Buku KIA milik Siti Rahma diperiksa pada kunjungan hari ini. Petugas kemudian memberikan tindakan sesuai usia anak dan memperbarui catatan kelengkapannya. Jadwal berikutnya telah disampaikan kepada keluarga.,Imunisasi Bayi,Kesehatan Balita,0.37,Salah
Fahri Kurniawan datang sesuai jadwal usia 12 bulan. Petugas memberikan pelayanan lanjutan untuk perlindungan terhadap beberapa penyakit dan memperbarui catatan pelayanan pada buku KIA. Orang tua diminta kembali pada jadwal berikutnya.,Imunisasi Bayi,Kesehatan Balita,0.4,Salah
"Orang tua membawa anak untuk mengikuti pelayanan rutin. Azzahra Salsabila, usia 36 bulan, menjalani pengukuran fisik rutin. Angka pada timbangan tercatat Lengkap kg dan panjang atau tinggi tubuh tercatat Perlu Tindakan cm. Hasil pencatatan petugas menunjukkan kondisi Perlu Intervensi. Terdapat keterangan tambahan berupa Demam. Keluarga diminta memperhatikan asupan harian dan mengamati perubahan kondisi anak sampai jadwal kunjungan berikutnya.",Gizi Balita,Kesehatan Balita,0.47,Salah
"Petugas menerima kunjungan bayi untuk pelayanan lanjutan. Bayi bernama Azka Kurniawan, ID B145, berusia 24 bulan dan berjenis kelamin Laki-laki. Pada kunjungan ini diberikan Campak. Catatan kelengkapan pelayanan anak adalah Lengkap. Petugas menjelaskan jadwal pemberian berikutnya dan meminta orang tua mengamati kondisi bayi setelah pelayanan.",Imunisasi Bayi,Kesehatan Balita,0.43,Salah
"Petugas melakukan pencatatan beberapa aspek kondisi anak. Zidan Pratama, usia 15 bulan, menjalani penilaian kondisi umum, perkembangan sesuai usia, dan riwayat pelayanan sebelumnya. Hasil penilaian kondisi umum adalah Lengkap. Perkembangannya tercatat tidak tersedia, sedangkan catatan pelayanan sebelumnya adalah Polio 2. Keluarga juga menyampaikan riwayat berupa tidak tersedia. Petugas memberikan arahan tindak lanjut sesuai temuan. Keluarga diminta menjaga pola makan dan jadwal kunjungan.",Kesehatan Balita,Imunisasi Bayi,0.5,Salah
Rizky Pratama datang sesuai jadwal usia 18 bulan. Petugas memberikan tindakan pencegahan sesuai jadwal usia dan memperbarui catatan pelayanan pada buku KIA. Orang tua diminta kembali pada jadwal berikutnya.,Imunisasi Bayi,Kesehatan Balita,0.38,Salah
"Petugas menerima kunjungan bayi untuk pelayanan lanjutan. Syifa Lestari, usia 20 bulan, memperoleh tindakan HB-0 sesuai catatan jadwal pelayanan anak. Riwayat pemberian sebelumnya tercatat Lengkap. Orang tua diminta kembali sesuai jadwal pada buku KIA serta mengamati kemungkinan reaksi setelah tindakan. Petugas juga menanyakan pola makan anak kepada orang tua.",Imunisasi Bayi,Kesehatan Balita,0.51,Salah
Perubahan kondisi fisik Aqila Putri kembali diamati pada kunjungan rutin. Angka yang diperoleh adalah 17.3 kg dan 88.9 cm. Petugas mencatat Pertumbuhan sesuai usia dan meminta keluarga datang kembali bulan depan.,Gizi Balita,Kesehatan Balita,0.39,Salah
Alya Sari datang sesuai jadwal usia 7 bulan. Petugas memberikan pelayanan lanjutan untuk perlindungan terhadap beberapa penyakit dan memperbarui catatan pelayanan pada buku KIA. Orang tua diminta kembali pada jadwal berikutnya.,Imunisasi Bayi,Kesehatan Balita,0.39,Salah
"Balita mengikuti kunjungan rutin untuk penilaian menyeluruh. Naufal Kurniawan, usia 11 bulan, menjalani penilaian kondisi umum, perkembangan sesuai usia, dan riwayat pelayanan sebelumnya. Hasil penilaian kondisi umum adalah Lengkap. Perkembangannya tercatat tidak tersedia, sedangkan catatan pelayanan sebelumnya adalah DPT-HB-Hib 3. Keluarga juga menyampaikan riwayat berupa tidak tersedia. Petugas memberikan arahan tindak lanjut sesuai temuan.",Kesehatan Balita,Imunisasi Bayi,0.46,Salah
Buku KIA milik Bagas Saputra diperiksa pada kunjungan hari ini. Petugas kemudian memberikan tindakan sesuai usia anak dan memperbarui catatan kelengkapannya. Jadwal berikutnya telah disampaikan kepada keluarga. Kondisi fisik anak diamati sebelum tindakan diberikan.,Imunisasi Bayi,Kesehatan Balita,0.41,Salah
Pelayanan lanjutan untuk Farhan Saputra dilakukan berdasarkan riwayat yang tercatat Lengkap. Pada kunjungan ini anak menerima pelayanan untuk perlindungan awal terhadap tuberkulosis. Keluarga diberi penjelasan mengenai reaksi ringan yang mungkin muncul setelah tindakan.,Imunisasi Bayi,Kesehatan Balita,0.44,Salah
Perubahan kondisi fisik Dimas Pratama kembali diamati pada kunjungan rutin. Angka yang diperoleh adalah 9.5 kg dan 78 cm. Petugas mencatat Pertumbuhan sesuai usia dan meminta keluarga datang kembali bulan depan.,Gizi Balita,Kesehatan Balita,0.39,Salah
"Petugas menerima kunjungan bayi untuk pelayanan lanjutan. Bayi bernama Rahma Sari, ID B044, berusia 36 bulan dan berjenis kelamin Perempuan. Pada kunjungan ini diberikan 15.4. Catatan kelengkapan pelayanan anak adalah Pertumbuhan sesuai usia. Petugas menjelaskan jadwal pemberian berikutnya dan meminta orang tua mengamati kondisi bayi setelah pelayanan.",Imunisasi Bayi,Kesehatan Balita,0.45,Salah
Buku KIA milik Zidan Wijaya diperiksa pada kunjungan hari ini. Petugas kemudian memberikan tindakan sesuai usia anak dan memperbarui catatan kelengkapannya. Jadwal berikutnya telah disampaikan kepada keluarga.,Imunisasi Bayi,Kesehatan Balita,0.45,Salah
Pelayanan lanjutan untuk Safira Sari dilakukan berdasarkan riwayat yang tercatat Lengkap. Pada kunjungan ini anak menerima pelayanan untuk perlindungan awal terhadap tuberkulosis. Keluarga diberi penjelasan mengenai reaksi ringan yang mungkin muncul setelah tindakan.,Imunisasi Bayi,Kesehatan Balita,0.43,Salah
"Pada kunjungan bulan ini, Aurel Oktavia memiliki hasil pengukuran Belum Lengkap kg dan Perlu Tindakan cm. Petugas mencatat kondisi Normal serta memberikan arahan kepada keluarga untuk melakukan pemantauan ulang.",Gizi Balita,Kesehatan Balita,0.38,Salah
Nabila Lestari datang sesuai jadwal usia 7 bulan. Petugas memberikan pelayanan lanjutan untuk perlindungan terhadap beberapa penyakit dan memperbarui catatan pelayanan pada buku KIA. Orang tua diminta kembali pada jadwal berikutnya.,Imunisasi Bayi,Kesehatan Balita,0.38,Salah
Putri Sari datang sesuai jadwal usia 5 bulan. Petugas memberikan pelayanan lanjutan untuk perlindungan terhadap beberapa penyakit dan memperbarui catatan pelayanan pada buku KIA. Orang tua diminta kembali pada jadwal berikutnya.,Imunisasi Bayi,Kesehatan Balita,0.38,Salah
Perubahan kondisi fisik Aldi Setiawan kembali diamati pada kunjungan rutin. Angka yang diperoleh adalah Belum Lengkap kg dan Pemantauan cm. Petugas mencatat Flu dan meminta keluarga datang kembali bulan depan.,Gizi Balita,Kesehatan Balita,0.37,Salah
Perubahan kondisi fisik Alya Rahma kembali diamati pada kunjungan rutin. Angka yang diperoleh adalah 12.1 kg dan 97 cm. Petugas mencatat Pertumbuhan sesuai usia dan meminta keluarga datang kembali bulan depan.,Gizi Balita,Kesehatan Balita,0.37,Salah
"Orang tua membawa anak untuk mengikuti pelayanan rutin. Nayla Maharani, usia 44 bulan, menjalani pengukuran fisik rutin. Angka pada timbangan tercatat Tidak Lengkap kg dan panjang atau tinggi tubuh tercatat Sehat cm. Hasil pencatatan petugas menunjukkan kondisi Pemantauan. Terdapat keterangan tambahan berupa ISPA. Keluarga diminta memperhatikan asupan harian dan mengamati perubahan kondisi anak sampai jadwal kunjungan berikutnya. Buku KIA juga diperiksa secara singkat oleh petugas.",Gizi Balita,Kesehatan Balita,0.49,Salah
Pelayanan lanjutan untuk Fikri Kurniawan dilakukan berdasarkan riwayat yang tercatat Lengkap. Pada kunjungan ini anak menerima pelayanan untuk perlindungan awal terhadap tuberkulosis. Keluarga diberi penjelasan mengenai reaksi ringan yang mungkin muncul setelah tindakan. Orang tua turut berkonsultasi mengenai pertumbuhan anak.,Imunisasi Bayi,Kesehatan Balita,0.43,Salah
Perubahan kondisi fisik Arga Saputra kembali diamati pada kunjungan rutin. Angka yang diperoleh adalah 9.2 kg dan 82.8 cm. Petugas mencatat Pertumbuhan sesuai usia dan meminta keluarga datang kembali bulan depan.,Gizi Balita,Kesehatan Balita,0.44,Salah
Pelayanan lanjutan untuk Rafif Kurniawan dilakukan berdasarkan riwayat yang tercatat Belum Lengkap. Pada kunjungan ini anak menerima pelayanan lanjutan untuk perlindungan terhadap beberapa penyakit. Keluarga diberi penjelasan mengenai reaksi ringan yang mungkin muncul setelah tindakan.,Imunisasi Bayi,Kesehatan Balita,0.43,Salah
Buku KIA milik Galang Saputra diperiksa pada kunjungan hari ini. Petugas kemudian memberikan tindakan sesuai usia anak dan memperbarui catatan kelengkapannya. Jadwal berikutnya telah disampaikan kepada keluarga.,Imunisasi Bayi,Kesehatan Balita,0.39,Salah
Buku KIA milik Daffa Saputra diperiksa pada kunjungan hari ini. Petugas kemudian memberikan tindakan sesuai usia anak dan memperbarui catatan kelengkapannya. Jadwal berikutnya telah disampaikan kepada keluarga. Kondisi fisik anak diamati sebelum tindakan diberikan.,Imunisasi Bayi,Kesehatan Balita,0.43,Salah
Buku KIA milik Syifa Putri diperiksa pada kunjungan hari ini. Petugas kemudian memberikan tindakan sesuai usia anak dan memperbarui catatan kelengkapannya. Jadwal berikutnya telah disampaikan kepada keluarga. Kondisi fisik anak diamati sebelum tindakan diberikan.,Imunisasi Bayi,Kesehatan Balita,0.4,Salah
"Kunjungan hari ini mencakup peninjauan kondisi dan perkembangan anak. Anak bernama Aurel Salsabila, ID B917, berusia 55 bulan dan berjenis kelamin Perempuan. Kondisi umum anak tercatat Sehat. Perkembangan anak tercatat Normal. Riwayat pelayanan pencegahan tercatat Belum Lengkap. Riwayat penyakit yang dilaporkan adalah ISPA. Petugas memberikan saran berdasarkan seluruh hasil pemeriksaan dan pencatatan tersebut.",Kesehatan Balita,Imunisasi Bayi,0.53,Salah
Pelayanan lanjutan untuk Syifa Rahma dilakukan berdasarkan riwayat yang tercatat Lengkap. Pada kunjungan ini anak menerima pelayanan untuk perlindungan awal terhadap tuberkulosis. Keluarga diberi penjelasan mengenai reaksi ringan yang mungkin muncul setelah tindakan.,Imunisasi Bayi,Kesehatan Balita,0.43,Salah
Buku KIA milik Kayla Permata diperiksa pada kunjungan hari ini. Petugas kemudian memberikan tindakan sesuai usia anak dan memperbarui catatan kelengkapannya. Jadwal berikutnya telah disampaikan kepada keluarga.,Imunisasi Bayi,Kesehatan Balita,0.38,Salah
Alya Rahma datang sesuai jadwal usia 5 bulan. Petugas memberikan pelayanan lanjutan untuk perlindungan terhadap beberapa penyakit dan memperbarui catatan pelayanan pada buku KIA. Orang tua diminta kembali pada jadwal berikutnya.,Imunisasi Bayi,Kesehatan Balita,0.38,Salah
Perubahan kondisi fisik Bagas Wijaya kembali diamati pada kunjungan rutin. Angka yang diperoleh adalah 16 kg dan 73 cm. Petugas mencatat Pertumbuhan sesuai usia dan meminta keluarga datang kembali bulan depan.,Gizi Balita,Kesehatan Balita,0.4,Salah
"Orang tua membawa anak untuk mengikuti pelayanan rutin. Anak bernama Bagas Setiawan, ID B063, berusia 1 bulan dan berjenis kelamin Laki-laki. Hasil penimbangan menunjukkan berat badan Tidak Lengkap kg, sedangkan hasil pengukuran tinggi badan adalah Perlu Tindakan cm. Berdasarkan hasil pengukuran tersebut, kondisi anak tercatat sebagai Perlu Intervensi. Catatan petugas: Alergi. Orang tua dianjurkan memperhatikan pola makan anak dan melakukan pengukuran kembali pada kunjungan berikutnya.",Gizi Balita,Kesehatan Balita,0.48,Salah
Perubahan kondisi fisik Naufal Wijaya kembali diamati pada kunjungan rutin. Angka yang diperoleh adalah 15.6 kg dan 81.6 cm. Petugas mencatat Pertumbuhan sesuai usia dan meminta keluarga datang kembali bulan depan.,Gizi Balita,Kesehatan Balita,0.38,Salah
Pelayanan lanjutan untuk Bagas Kurniawan dilakukan berdasarkan riwayat yang tercatat Lengkap. Pada kunjungan ini anak menerima pelayanan lanjutan untuk perlindungan terhadap beberapa penyakit. Keluarga diberi penjelasan mengenai reaksi ringan yang mungkin muncul setelah tindakan.,Imunisasi Bayi,Kesehatan Balita,0.43,Salah
"Kunjungan hari ini mencakup peninjauan kondisi dan perkembangan anak. Anak bernama Arga Wijaya, ID B096, berusia 19 bulan dan berjenis kelamin Laki-laki. Kondisi umum anak tercatat Lengkap. Perkembangan anak tercatat tidak tersedia. Riwayat pelayanan pencegahan tercatat DPT-HB-Hib 2. Riwayat penyakit yang dilaporkan adalah tidak tersedia. Petugas memberikan saran berdasarkan seluruh hasil pemeriksaan dan pencatatan tersebut.",Kesehatan Balita,Imunisasi Bayi,0.51,Salah
"Orang tua membawa bayi sesuai jadwal pada buku KIA. Bayi bernama Iqbal Pratama, ID B078, berusia 43 bulan dan berjenis kelamin Laki-laki. Pada kunjungan ini diberikan 14.9. Catatan kelengkapan pelayanan anak adalah Pertumbuhan sesuai usia. Petugas menjelaskan jadwal pemberian berikutnya dan meminta orang tua mengamati kondisi bayi setelah pelayanan.",Imunisasi Bayi,Kesehatan Balita,0.44,Salah
Pelayanan lanjutan untuk Reza Kurniawan dilakukan berdasarkan riwayat yang tercatat Lengkap. Pada kunjungan ini anak menerima pelayanan lanjutan untuk perlindungan terhadap beberapa penyakit. Keluarga diberi penjelasan mengenai reaksi ringan yang mungkin muncul setelah tindakan.,Imunisasi Bayi,Kesehatan Balita,0.41,Salah
Perubahan kondisi fisik Siti Sari kembali diamati pada kunjungan rutin. Angka yang diperoleh adalah 17.7 kg dan 96.5 cm. Petugas mencatat Pertumbuhan sesuai usia dan meminta keluarga datang kembali bulan depan.,Gizi Balita,Kesehatan Balita,0.39,Salah
"Bayi datang mengikuti jadwal pelayanan sesuai usianya. Bayi bernama Reza Pratama, ID B1016, berusia 23 bulan dan berjenis kelamin Laki-laki. Pada kunjungan ini diberikan HB-0. Catatan kelengkapan pelayanan anak adalah Lengkap. Petugas menjelaskan jadwal pemberian berikutnya dan meminta orang tua mengamati kondisi bayi setelah pelayanan. Orang tua turut berkonsultasi mengenai pertumbuhan anak.",Imunisasi Bayi,Kesehatan Balita,0.5,Salah
Alif Pratama datang sesuai jadwal usia 4 bulan. Petugas memberikan pelayanan lanjutan untuk perlindungan terhadap beberapa penyakit dan memperbarui catatan pelayanan pada buku KIA. Orang tua diminta kembali pada jadwal berikutnya.,Imunisasi Bayi,Kesehatan Balita,0.39,Salah
Pelayanan lanjutan untuk Nayla Putri dilakukan berdasarkan riwayat yang tercatat Lengkap. Pada kunjungan ini anak menerima pelayanan lanjutan untuk perlindungan terhadap beberapa penyakit. Keluarga diberi penjelasan mengenai reaksi ringan yang mungkin muncul setelah tindakan.,Imunisasi Bayi,Kesehatan Balita,0.49,Salah
"Petugas mencatat hasil kunjungan bulanan seorang balita. Zidan Firmansyah, usia 35 bulan, menjalani pengukuran fisik rutin. Angka pada timbangan tercatat Lengkap kg dan panjang atau tinggi tubuh tercatat Pemantauan cm. Hasil pencatatan petugas menunjukkan kondisi Perlu Intervensi. Terdapat keterangan tambahan berupa Demam. Keluarga diminta memperhatikan asupan harian dan mengamati perubahan kondisi anak sampai jadwal kunjungan berikutnya.",Gizi Balita,Kesehatan Balita,0.51,Salah
"Balita mengikuti kunjungan rutin untuk penilaian menyeluruh. Indah Sari, usia 12 bulan, menjalani penilaian kondisi umum, perkembangan sesuai usia, dan riwayat pelayanan sebelumnya. Hasil penilaian kondisi umum adalah Lengkap. Perkembangannya tercatat tidak tersedia, sedangkan catatan pelayanan sebelumnya adalah BCG. Keluarga juga menyampaikan riwayat berupa tidak tersedia. Petugas memberikan arahan tindak lanjut sesuai temuan.",Kesehatan Balita,Imunisasi Bayi,0.47,Salah
Perubahan kondisi fisik Farhan Kurniawan kembali diamati pada kunjungan rutin. Angka yang diperoleh adalah 10.3 kg dan 98.4 cm. Petugas mencatat Pertumbuhan sesuai usia dan meminta keluarga datang kembali bulan depan.,Gizi Balita,Kesehatan Balita,0.39,Salah
Reza Saputra datang sesuai jadwal usia 7 bulan. Petugas memberikan tindakan pencegahan sesuai jadwal usia dan memperbarui catatan pelayanan pada buku KIA. Orang tua diminta kembali pada jadwal berikutnya. Kondisi fisik anak diamati sebelum tindakan diberikan.,Imunisasi Bayi,Kesehatan Balita,0.41,Salah
Buku KIA milik Fahri Kurniawan diperiksa pada kunjungan hari ini. Petugas kemudian memberikan tindakan sesuai usia anak dan memperbarui catatan kelengkapannya. Jadwal berikutnya telah disampaikan kepada keluarga. Kondisi fisik anak diamati sebelum tindakan diberikan.,Imunisasi Bayi,Kesehatan Balita,0.49,Salah
Perubahan kondisi fisik Galang Saputra kembali diamati pada kunjungan rutin. Angka yang diperoleh adalah 10.5 kg dan 81.3 cm. Petugas mencatat Pertumbuhan sesuai usia dan meminta keluarga datang kembali bulan depan.,Gizi Balita,Kesehatan Balita,0.43,Salah
"Petugas mencatat hasil kunjungan bulanan seorang balita. Haikal Nugraha, usia 51 bulan, menjalani pengukuran fisik rutin. Angka pada timbangan tercatat Lengkap kg dan panjang atau tinggi tubuh tercatat Pemantauan cm. Hasil pencatatan petugas menunjukkan kondisi Pemantauan. Terdapat keterangan tambahan berupa Alergi. Keluarga diminta memperhatikan asupan harian dan mengamati perubahan kondisi anak sampai jadwal kunjungan berikutnya.",Gizi Balita,Kesehatan Balita,0.53,Salah
Pelayanan lanjutan untuk Rizky Pratama dilakukan berdasarkan riwayat yang tercatat Lengkap. Pada kunjungan ini anak menerima pelayanan lanjutan untuk perlindungan terhadap beberapa penyakit. Keluarga diberi penjelasan mengenai reaksi ringan yang mungkin muncul setelah tindakan.,Imunisasi Bayi,Kesehatan Balita,0.41,Salah
Perubahan kondisi fisik Lestari Lestari kembali diamati pada kunjungan rutin. Angka yang diperoleh adalah 12.1 kg dan 109.1 cm. Petugas mencatat Pertumbuhan sesuai usia dan meminta keluarga datang kembali bulan depan.,Gizi Balita,Kesehatan Balita,0.37,Salah
Perubahan kondisi fisik Amelia Sari kembali diamati pada kunjungan rutin. Angka yang diperoleh adalah 8.8 kg dan 90.2 cm. Petugas mencatat Perlu pemantauan gizi dan meminta keluarga datang kembali bulan depan.,Gizi Balita,Kesehatan Balita,0.37,Salah
Pelayanan lanjutan untuk Reza Wijaya dilakukan berdasarkan riwayat yang tercatat Lengkap. Pada kunjungan ini anak menerima pelayanan untuk perlindungan awal terhadap tuberkulosis. Keluarga diberi penjelasan mengenai reaksi ringan yang mungkin muncul setelah tindakan.,Imunisasi Bayi,Kesehatan Balita,0.36,Salah
Buku KIA milik Rafa Pratama diperiksa pada kunjungan hari ini. Petugas kemudian memberikan tindakan sesuai usia anak dan memperbarui catatan kelengkapannya. Jadwal berikutnya telah disampaikan kepada keluarga.,Imunisasi Bayi,Kesehatan Balita,0.37,Salah
Pelayanan lanjutan untuk Fikri Saputra dilakukan berdasarkan riwayat yang tercatat Lengkap. Pada kunjungan ini anak menerima pelayanan lanjutan untuk perlindungan terhadap beberapa penyakit. Keluarga diberi penjelasan mengenai reaksi ringan yang mungkin muncul setelah tindakan.,Imunisasi Bayi,Kesehatan Balita,0.41,Salah
Pelayanan lanjutan untuk Salsa Rahma dilakukan berdasarkan riwayat yang tercatat Belum Lengkap. Pada kunjungan ini anak menerima pelayanan untuk perlindungan awal terhadap tuberkulosis. Keluarga diberi penjelasan mengenai reaksi ringan yang mungkin muncul setelah tindakan. Orang tua turut berkonsultasi mengenai pertumbuhan anak.,Imunisasi Bayi,Kesehatan Balita,0.47,Salah
"Orang tua membawa anak untuk mengikuti pelayanan rutin. Anak bernama Raka Hidayat, ID B100, berusia 10 bulan dan berjenis kelamin Laki-laki. Hasil penimbangan menunjukkan berat badan Tidak Lengkap kg, sedangkan hasil pengukuran tinggi badan adalah Perlu Tindakan cm. Berdasarkan hasil pengukuran tersebut, kondisi anak tercatat sebagai Pemantauan. Catatan petugas: Batuk. Orang tua dianjurkan memperhatikan pola makan anak dan melakukan pengukuran kembali pada kunjungan berikutnya.",Gizi Balita,Kesehatan Balita,0.5,Salah
"Petugas mencatat hasil kunjungan bulanan seorang balita. Anak bernama Khansa Wulandari, ID B020, berusia 48 bulan dan berjenis kelamin Perempuan. Hasil penimbangan menunjukkan berat badan Lengkap kg, sedangkan hasil pengukuran tinggi badan adalah Perlu Tindakan cm. Berdasarkan hasil pengukuran tersebut, kondisi anak tercatat sebagai Normal. Catatan petugas: Demam. Orang tua dianjurkan memperhatikan pola makan anak dan melakukan pengukuran kembali pada kunjungan berikutnya.",Gizi Balita,Kesehatan Balita,0.49,Salah
"Orang tua membawa bayi sesuai jadwal pada buku KIA. Bayi bernama Kayla Lestari, ID B188, berusia 9 bulan dan berjenis kelamin Perempuan. Pada kunjungan ini diberikan HB-0. Catatan kelengkapan pelayanan anak adalah Belum Lengkap. Petugas menjelaskan jadwal pemberian berikutnya dan meminta orang tua mengamati kondisi bayi setelah pelayanan.",Imunisasi Bayi,Kesehatan Balita,0.44,Salah
"Orang tua membawa bayi sesuai jadwal pada buku KIA. Bayi bernama Aisyah Putri, ID B100, berusia 28 bulan dan berjenis kelamin Perempuan. Pada kunjungan ini diberikan 17. Catatan kelengkapan pelayanan anak adalah Pertumbuhan sesuai usia. Petugas menjelaskan jadwal pemberian berikutnya dan meminta orang tua mengamati kondisi bayi setelah pelayanan.",Imunisasi Bayi,Kesehatan Balita,0.47,Salah
Pelayanan lanjutan untuk Alif Nugraha dilakukan berdasarkan riwayat yang tercatat Belum Lengkap. Pada kunjungan ini anak menerima pelayanan lanjutan untuk perlindungan terhadap beberapa penyakit. Keluarga diberi penjelasan mengenai reaksi ringan yang mungkin muncul setelah tindakan.,Imunisasi Bayi,Kesehatan Balita,0.5,Salah
"Orang tua membawa bayi sesuai jadwal pada buku KIA. Bayi bernama Lestari Permata, ID B1328, berusia 13 bulan dan berjenis kelamin Perempuan. Pada kunjungan ini diberikan Campak. Catatan kelengkapan pelayanan anak adalah Lengkap. Petugas menjelaskan jadwal pemberian berikutnya dan meminta orang tua mengamati kondisi bayi setelah pelayanan. Petugas juga menanyakan pola makan anak kepada orang tua.",Imunisasi Bayi,Gizi Balita,0.4,Salah
Perubahan kondisi fisik Reza Pratama kembali diamati pada kunjungan rutin. Angka yang diperoleh adalah 12.4 kg dan 88 cm. Petugas mencatat Pertumbuhan sesuai usia dan meminta keluarga datang kembali bulan depan.,Gizi Balita,Kesehatan Balita,0.37,Salah
Dimas Pratama datang sesuai jadwal usia 21 bulan. Petugas memberikan pelayanan untuk perlindungan awal terhadap tuberkulosis dan memperbarui catatan pelayanan pada buku KIA. Orang tua diminta kembali pada jadwal berikutnya. Petugas juga menanyakan pola makan anak kepada orang tua.,Imunisasi Bayi,Kesehatan Balita,0.42,Salah
Citra Putri datang sesuai jadwal usia 12 bulan. Petugas memberikan pelayanan untuk perlindungan awal terhadap tuberkulosis dan memperbarui catatan pelayanan pada buku KIA. Orang tua diminta kembali pada jadwal berikutnya. Orang tua turut berkonsultasi mengenai pertumbuhan anak.,Imunisasi Bayi,Kesehatan Balita,0.4,Salah
Perubahan kondisi fisik Siti Sari kembali diamati pada kunjungan rutin. Angka yang diperoleh adalah 12.7 kg dan 72.4 cm. Petugas mencatat Pertumbuhan sesuai usia dan meminta keluarga datang kembali bulan depan.,Gizi Balita,Kesehatan Balita,0.45,Salah
"Orang tua membawa bayi sesuai jadwal pada buku KIA. Zahra Putri, usia 13 bulan, memperoleh tindakan 16.6 sesuai catatan jadwal pelayanan anak. Riwayat pemberian sebelumnya tercatat Pertumbuhan sesuai usia. Orang tua diminta kembali sesuai jadwal pada buku KIA serta mengamati kemungkinan reaksi setelah tindakan. Petugas juga menanyakan pola makan anak kepada orang tua.",Imunisasi Bayi,Kesehatan Balita,0.5,Salah
Pelayanan lanjutan untuk Zahra Permata dilakukan berdasarkan riwayat yang tercatat Lengkap. Pada kunjungan ini anak menerima pelayanan lanjutan untuk perlindungan terhadap beberapa penyakit. Keluarga diberi penjelasan mengenai reaksi ringan yang mungkin muncul setelah tindakan.,Imunisasi Bayi,Kesehatan Balita,0.43,Salah
Perubahan kondisi fisik Fikri Nugraha kembali diamati pada kunjungan rutin. Angka yang diperoleh adalah 15.1 kg dan 79 cm. Petugas mencatat Pertumbuhan sesuai usia dan meminta keluarga datang kembali bulan depan.,Gizi Balita,Kesehatan Balita,0.4,Salah
Buku KIA milik Melati Lestari diperiksa pada kunjungan hari ini. Petugas kemudian memberikan tindakan sesuai usia anak dan memperbarui catatan kelengkapannya. Jadwal berikutnya telah disampaikan kepada keluarga.,Imunisasi Bayi,Kesehatan Balita,0.4,Salah
"Bayi datang mengikuti jadwal pelayanan sesuai usianya. Bayi bernama Arga Kurniawan, ID B484, berusia 20 bulan dan berjenis kelamin Laki-laki. Pada kunjungan ini diberikan HB-0. Catatan kelengkapan pelayanan anak adalah Lengkap. Petugas menjelaskan jadwal pemberian berikutnya dan meminta orang tua mengamati kondisi bayi setelah pelayanan.",Imunisasi Bayi,Kesehatan Balita,0.42,Salah
"Orang tua membawa bayi sesuai jadwal pada buku KIA. Bayi bernama Galang Pratama, ID B1038, berusia 4 bulan dan berjenis kelamin Laki-laki. Pada kunjungan ini diberikan HB-0. Catatan kelengkapan pelayanan anak adalah Lengkap. Petugas menjelaskan jadwal pemberian berikutnya dan meminta orang tua mengamati kondisi bayi setelah pelayanan.",Imunisasi Bayi,Kesehatan Balita,0.43,Salah
Buku KIA milik Rania Putri diperiksa pada kunjungan hari ini. Petugas kemudian memberikan tindakan sesuai usia anak dan memperbarui catatan kelengkapannya. Jadwal berikutnya telah disampaikan kepada keluarga.,Imunisasi Bayi,Kesehatan Balita,0.4,Salah
Buku KIA milik Safira Putri diperiksa pada kunjungan hari ini. Petugas kemudian memberikan tindakan sesuai usia anak dan memperbarui catatan kelengkapannya. Jadwal berikutnya telah disampaikan kepada keluarga.,Imunisasi Bayi,Kesehatan Balita,0.37,Salah
Perubahan kondisi fisik Arga Saputra kembali diamati pada kunjungan rutin. Angka yang diperoleh adalah 9.3 kg dan 95.2 cm. Petugas mencatat Perlu pemantauan gizi dan meminta keluarga datang kembali bulan depan.,Gizi Balita,Kesehatan Balita,0.39,Salah
Buku KIA milik Melati Putri diperiksa pada kunjungan hari ini. Petugas kemudian memberikan tindakan sesuai usia anak dan memperbarui catatan kelengkapannya. Jadwal berikutnya telah disampaikan kepada keluarga.,Imunisasi Bayi,Kesehatan Balita,0.46,Salah
Buku KIA milik Zidan Pratama diperiksa pada kunjungan hari ini. Petugas kemudian memberikan tindakan sesuai usia anak dan memperbarui catatan kelengkapannya. Jadwal berikutnya telah disampaikan kepada keluarga.,Imunisasi Bayi,Kesehatan Balita,0.37,Salah
Buku KIA milik Aqila Putri diperiksa pada kunjungan hari ini. Petugas kemudian memberikan tindakan sesuai usia anak dan memperbarui catatan kelengkapannya. Jadwal berikutnya telah disampaikan kepada keluarga.,Imunisasi Bayi,Kesehatan Balita,0.39,Salah
Pelayanan lanjutan untuk Alif Pratama dilakukan berdasarkan riwayat yang tercatat Lengkap. Pada kunjungan ini anak menerima pelayanan untuk perlindungan awal terhadap tuberkulosis. Keluarga diberi penjelasan mengenai reaksi ringan yang mungkin muncul setelah tindakan. Orang tua turut berkonsultasi mengenai pertumbuhan anak.,Imunisasi Bayi,Kesehatan Balita,0.41,Salah
Pelayanan lanjutan untuk Siti Rahma dilakukan berdasarkan riwayat yang tercatat Lengkap. Pada kunjungan ini anak menerima pelayanan lanjutan untuk perlindungan terhadap beberapa penyakit. Keluarga diberi penjelasan mengenai reaksi ringan yang mungkin muncul setelah tindakan.,Imunisasi Bayi,Kesehatan Balita,0.51,Salah
Pelayanan lanjutan untuk Syifa Sari dilakukan berdasarkan riwayat yang tercatat Lengkap. Pada kunjungan ini anak menerima pelayanan untuk perlindungan awal terhadap tuberkulosis. Keluarga diberi penjelasan mengenai reaksi ringan yang mungkin muncul setelah tindakan.,Imunisasi Bayi,Kesehatan Balita,0.41,Salah
"Orang tua membawa bayi sesuai jadwal pada buku KIA. Lestari Lestari, usia 30 bulan, memperoleh tindakan 14.5 sesuai catatan jadwal pelayanan anak. Riwayat pemberian sebelumnya tercatat Pertumbuhan sesuai use. Orang tua diminta kembali sesuai jadwal pada buku KIA serta mengamati kemungkinan reaksi setelah tindakan. Orang tua turut berkonsultasi mengenai pertumbuhan anak.",Imunisasi Bayi,Kesehatan Balita,0.44,Salah
"Kunjungan dilakukan untuk melanjutkan pelayanan pencegahan. Bayi bernama Alif Pratama, ID B052, berusia 25 bulan dan berjenis kelamin Laki-laki. Pada kunjungan ini diberikan 11.4. Catatan kelengkapan pelayanan anak adalah Pertumbuhan sesuai usia. Petugas menjelaskan jadwal pemberian berikutnya dan meminta orang tua mengamati kondisi bayi setelah pelayanan.",Imunisasi Bayi,Kesehatan Balita,0.44,Salah
Perubahan kondisi fisik Bagas Saputra kembali diamati pada kunjungan rutin. Angka yang diperoleh adalah 15.4 kg dan 95.3 cm. Petugas mencatat Pertumbuhan sesuai usia dan meminta keluarga datang kembali bulan depan.,Gizi Balita,Kesehatan Balita,0.37,Salah
Buku KIA milik Azka Pratama diperiksa pada kunjungan hari ini. Petugas kemudian memberikan tindakan sesuai usia anak dan memperbarui catatan kelengkapannya. Jadwal berikutnya telah disampaikan kepada keluarga.,Imunisasi Bayi,Kesehatan Balita,0.4,Salah
Perubahan kondisi fisik Daffa Kurniawan kembali diamati pada kunjungan rutin. Angka yang diperoleh adalah 11.5 kg dan 71 cm. Petugas mencatat Pertumbuhan sesuai usia dan meminta keluarga datang kembali bulan depan.,Gizi Balita,Kesehatan Balita,0.4,Salah
Perubahan kondisi fisik Putri Sari kembali diamati pada kunjungan rutin. Angka yang diperoleh adalah 16.8 kg dan 109.3 cm. Petugas mencatat Pertumbuhan sesuai usia dan meminta keluarga datang kembali bulan depan.,Gizi Balita,Kesehatan Balita,0.4,Salah
Putri Lestari datang sesuai jadwal usia 1 bulan. Petugas memberikan pelayanan lanjutan untuk perlindungan terhadap beberapa penyakit dan memperbarui catatan pelayanan pada buku KIA. Orang tua diminta kembali pada jadwal berikutnya.,Imunisasi Bayi,Kesehatan Balita,0.37,Salah
"Petugas menerima kunjungan bayi untuk pelayanan lanjutan. Bayi bernama Putri Putri, ID B1833, berusia 5 bulan dan berjenis kelamin Perempuan. Pada kunjungan ini diberikan Campak. Catatan kelengkapan pelayanan anak adalah Belum Lengkap. Petugas menjelaskan jadwal pemberian berikutnya dan meminta orang tua mengamati kondisi bayi setelah pelayanan.",Imunisasi Bayi,Kesehatan Balita,0.43,Salah
Perubahan kondisi fisik Nayla Permata kembali diamati pada kunjungan rutin. Angka yang diperoleh adalah 16.3 kg dan 93.3 cm. Petugas mencatat Pertumbuhan sesuai usia dan meminta keluarga datang kembali bulan depan.,Gizi Balita,Kesehatan Balita,0.45,Salah
"Kunjungan dilakukan untuk melihat perubahan kondisi anak. Galih Kurniawan, usia 44 bulan, menjalani pengukuran fisik rutin. Angka pada timbangan tercatat Tidak Lengkap kg dan panjang atau tinggi tubuh tercatat Pemantauan cm. Hasil pencatatan petugas menunjukkan kondisi Perlu Intervensi. Terdapat keterangan tambahan berupa Diare. Keluarga diminta memperhatikan asupan harian dan mengamati perubahan kondisi anak sampai jadwal kunjungan berikutnya.",Gizi Balita,Kesehatan Balita,0.45,Salah
Pelayanan lanjutan untuk Rafif Nugraha dilakukan berdasarkan riwayat yang tercatat Lengkap. Pada kunjungan ini anak menerima pelayanan lanjutan untuk perlindungan terhadap beberapa penyakit. Keluarga diberi penjelasan mengenai reaksi ringan yang mungkin muncul setelah tindakan. Petugas juga menanyakan pola makan anak kepada orang tua.,Imunisasi Bayi,Kesehatan Balita,0.47,Salah
Kayla Sari datang sesuai jadwal usia 7 bulan. Petugas memberikan tindakan pencegahan sesuai jadwal usia dan memperbarui catatan pelayanan pada buku KIA. Orang tua diminta kembali pada jadwal berikutnya.,Imunisasi Bayi,Kesehatan Balita,0.44,Salah
Reza Kurniawan datang sesuai jadwal usia 12 bulan. Petugas memberikan pelayanan lanjutan untuk perlindungan terhadap beberapa penyakit dan memperbarui catatan pelayanan pada buku KIA. Orang tua diminta kembali pada jadwal berikutnya.,Imunisasi Bayi,Kesehatan Balita,0.4,Salah
Pelayanan lanjutan untuk Fahri Kurniawan dilakukan berdasarkan riwayat yang tercatat Lengkap. Pada kunjungan ini anak menerima pelayanan untuk perlindungan awal terhadap tuberkulosis. Keluarga diberi penjelasan mengenai reaksi ringan yang mungkin muncul setelah tindakan.,Imunisasi Bayi,Kesehatan Balita,0.43,Salah
"Petugas menerima kunjungan bayi untuk pelayanan lanjutan. Bayi bernama Aisyah Lestari, ID B051, berusia 45 bulan dan berjenis kelamin Perempuan. Pada kunjungan ini diberikan 12.6. Catatan kelengkapan pelayanan anak adalah Pertumbuhan sesuai usia. Petugas menjelaskan jadwal pemberian berikutnya dan meminta orang tua mengamati kondisi bayi setelah pelayanan.",Imunisasi Bayi,Kesehatan Balita,0.43,Salah
"Orang tua membawa bayi sesuai jadwal pada buku KIA. Dimas Saputra, usia 50 bulan, memperoleh tindakan 9.5 sesuai catatan jadwal pelayanan anak. Riwayat pemberian sebelumnya tercatat Pertumbuhan sesuai usia. Orang tua diminta kembali sesuai jadwal pada buku KIA serta mengamati kemungkinan reaksi setelah tindakan. Orang tua turut berkonsultasi mengenai pertumbuhan anak.",Imunisasi Bayi,Kesehatan Balita,0.44,Salah
Safira Sari datang sesuai jadwal usia 2 bulan. Petugas memberikan tindakan pencegahan sesuai jadwal usia dan memperbarui catatan pelayanan pada buku KIA. Orang tua diminta kembali pada jadwal berikutnya.,Imunisasi Bayi,Kesehatan Balita,0.38,Salah
Pelayanan lanjutan untuk Naufal Nugraha dilakukan berdasarkan riwayat yang tercatat Lengkap. Pada kunjungan ini anak menerima pelayanan untuk perlindungan awal terhadap tuberkulosis. Keluarga diberi penjelasan mengenai reaksi ringan yang mungkin muncul setelah tindakan.,Imunisasi Bayi,Kesehatan Balita,0.44,Salah
Pelayanan lanjutan untuk Rafa Nugraha dilakukan berdasarkan riwayat yang tercatat Lengkap. Pada kunjungan ini anak menerima pelayanan lanjutan untuk perlindungan terhadap beberapa penyakit. Keluarga diberi penjelasan mengenai reaksi ringan yang mungkin muncul setelah tindakan.,Imunisasi Bayi,Kesehatan Balita,0.43,Salah
Pelayanan lanjutan untuk Siti Sari dilakukan berdasarkan riwayat yang tercatat Belum Lengkap. Pada kunjungan ini anak menerima pelayanan untuk perlindungan awal terhadap tuberkulosis. Keluarga diberi penjelasan mengenai reaksi ringan yang mungkin muncul setelah tindakan.,Imunisasi Bayi,Kesehatan Balita,0.42,Salah
"Petugas menerima kunjungan bayi untuk pelayanan lanjutan. Bayi bernama Daffa Wijaya, ID B1314, berusia 9 bulan dan berjenis kelamin Laki-laki. Pada kunjungan ini diberikan Campak. Catatan kelengkapan pelayanan anak adalah Lengkap. Petugas menjelaskan jadwal pemberian berikutnya dan meminta orang tua mengamati kondisi bayi setelah pelayanan. Kondisi fisik anak diamati sebelum tindakan diberikan.",Imunisasi Bayi,Kesehatan Balita,0.45,Salah
"Orang tua membawa anak untuk mengikuti pelayanan rutin. Syifa Putri, usia 25 bulan, menjalani pengukuran fisik rutin. Angka pada timbangan tercatat Lengkap kg dan panjang atau tinggi tubuh tercatat Sehat cm. Hasil pencatatan petugas menunjukkan kondisi Pemantauan. Terdapat keterangan tambahan berupa Campak. Keluarga diminta memperhatikan asupan harian dan mengamati perubahan kondisi anak sampai jadwal kunjungan berikutnya.",Gizi Balita,Kesehatan Balita,0.53,Salah
Perubahan kondisi fisik Fahri Nugraha kembali diamati pada kunjungan rutin. Angka yang diperoleh adalah 13.5 kg dan 81.9 cm. Petugas mencatat Pertumbuhan sesuai usia dan meminta keluarga datang kembali bulan depan.,Gizi Balita,Kesehatan Balita,0.38,Salah
"Petugas menerima kunjungan bayi untuk pelayanan lanjutan. Bayi bernama Melati Rahma, ID B1124, berusia 16 bulan dan berjenis kelamin Perempuan. Pada kunjungan ini diberikan Campak. Catatan kelengkapan pelayanan anak adalah Lengkap. Petugas menjelaskan jadwal pemberian berikutnya dan meminta orang tua mengamati kondisi bayi setelah pelayanan.",Imunisasi Bayi,Kesehatan Balita,0.42,Salah
Rafif Pratama datang sesuai jadwal usia 34 bulan. Petugas memberikan tindakan pencegahan sesuai jadwal usia dan memperbarui catatan pelayanan pada buku KIA. Orang tua diminta kembali pada jadwal berikutnya.,Imunisasi Bayi,Kesehatan Balita,0.37,Salah
Perubahan kondisi fisik Fikri Wijaya kembali diamati pada kunjungan rutin. Angka yang diperoleh adalah 12.7 kg dan 99.9 cm. Petugas mencatat Pertumbuhan sesuai usia dan meminta keluarga datang kembali bulan depan. Catatan pelayanan anak sebelumnya turut diperiksa.,Gizi Balita,Kesehatan Balita,0.51,Salah
Buku KIA milik Nayla Rahma diperiksa pada kunjungan hari ini. Petugas kemudian memberikan tindakan sesuai usia anak dan memperbarui catatan kelengkapannya. Jadwal berikutnya telah disampaikan kepada keluarga.,Imunisasi Bayi,Kesehatan Balita,0.38,Salah
"Kunjungan dilakukan untuk melihat perubahan kondisi anak. Anak bernama Iqbal Pratama, ID B033, berusia 55 bulan dan berjenis kelamin Laki-laki. Hasil penimbangan menunjukkan berat badan Tidak Lengkap kg, sedangkan hasil pengukuran tinggi badan adalah Perlu Tindakan cm. Berdasarkan hasil pengukuran tersebut, kondisi anak tercatat sebagai Perlu Intervensi. Catatan petugas: Batuk. Orang tua dianjurkan memperhatikan pola makan anak dan melakukan pengukuran kembali pada kunjungan berikutnya.",Gizi Balita,Kesehatan Balita,0.49,Salah
"Orang tua membawa bayi sesuai jadwal pada buku KIA. Bayi bernama Rafa Kurniawan, ID B606, berusia 2 bulan dan berjenis kelamin Laki-laki. Pada kunjungan ini diberikan HB-0. Catatan kelengkapan pelayanan anak adalah Belum Lengkap. Petugas menjelaskan jadwal pemberian berikutnya dan meminta orang tua mengamati kondisi bayi setelah pelayanan.",Imunisasi Bayi,Kesehatan Balita,0.42,Salah
Buku KIA milik Rian Nugraha diperiksa pada kunjungan hari ini. Petugas kemudian memberikan tindakan sesuai usia anak dan memperbarui catatan kelengkapannya. Jadwal berikutnya telah disampaikan kepada keluarga. Kondisi fisik anak diamati sebelum tindakan diberikan.,Imunisasi Bayi,Kesehatan Balita,0.5,Salah
Buku KIA milik Azka Kurniawan diperiksa pada kunjungan hari ini. Petugas kemudian memberikan tindakan sesuai usia anak dan memperbarui catatan kelengkapannya. Jadwal berikutnya telah disampaikan kepada keluarga. Petugas juga menanyakan pola makan anak kepada orang tua.,Imunisasi Bayi,Gizi Balita,0.35,Salah
Buku KIA milik Rafa Pratama diperiksa pada kunjungan hari ini. Petugas kemudian memberikan tindakan sesuai usia anak dan memperbarui catatan kelengkapannya. Jadwal berikutnya telah disampaikan kepada keluarga.,Imunisasi Bayi,Kesehatan Balita,0.43,Salah
Buku KIA milik Rania Lestari diperiksa pada kunjungan hari ini. Petugas kemudian memberikan tindakan sesuai usia anak dan memperbarui catatan kelengkapannya. Jadwal berikutnya telah disampaikan kepada keluarga.,Imunisasi Bayi,Kesehatan Balita,0.39,Salah
Pelayanan lanjutan untuk Anisa Putri dilakukan berdasarkan riwayat yang tercatat Lengkap. Pada kunjungan ini anak menerima pelayanan lanjutan untuk perlindungan terhadap beberapa penyakit. Keluarga diberi penjelasan mengenai reaksi ringan yang mungkin muncul setelah tindakan.,Imunisasi Bayi,Kesehatan Balita,0.41,Salah
"Bayi datang mengikuti jadwal pelayanan sesuai usianya. Kayla Rahma, usia 34 bulan, memperoleh tindakan 17.7 sesuai catatan jadwal pelayanan anak. Riwayat pemberian sebelumnya tercatat Pertumbuhan sesuai usia. Orang tua diminta kembali sesuai jadwal pada buku KIA serta mengamati kemungkinan reaksi setelah tindakan.",Imunisasi Bayi,Kesehatan Balita,0.44,Salah
Buku KIA milik Rahma Lestari diperiksa pada kunjungan hari ini. Petugas kemudian memberikan tindakan sesuai usia anak dan memperbarui catatan kelengkapannya. Jadwal berikutnya telah disampaikan kepada keluarga.,Imunisasi Bayi,Kesehatan Balita,0.43,Salah
Buku KIA milik Rian Saputra diperiksa pada kunjungan hari ini. Petugas kemudian memberikan tindakan sesuai usia anak dan memperbarui catatan kelengkapannya. Jadwal berikutnya telah disampaikan kepada keluarga.,Imunisasi Bayi,Kesehatan Balita,0.41,Salah
Perubahan kondisi fisik Ahmad Pratama kembali diamati pada kunjungan rutin. Angka yang diperoleh adalah 5.6 kg dan 60.6 cm. Petugas mencatat Perlu penanganan segera dan meminta keluarga datang kembali bulan depan. Orang tua diingatkan mengikuti jadwal pelayanan lainnya.,Gizi Balita,Kesehatan Balita,0.43,Salah
"Anindya Oktavia, usia 57 bulan, datang untuk evaluasi rutin. Petugas meninjau perkembangan, kondisi umum, serta riwayat pelayanan anak. Berdasarkan hasil tersebut, keluarga diberi arahan untuk kunjungan berikutnya. Keluarga diminta menjaga pola makan dan jadwal kunjungan.",Kesehatan Balita,Gizi Balita,0.34,Salah
Ahmad Wijaya datang sesuai jadwal usia 6 bulan. Petugas memberikan tindakan pencegahan sesuai jadwal usia dan memperbarui catatan pelayanan pada buku KIA. Orang tua diminta kembali pada jadwal berikutnya.,Imunisasi Bayi,Kesehatan Balita,0.38,Salah
Perubahan kondisi fisik Indah Lestari kembali diamati pada kunjungan rutin. Angka yang diperoleh adalah 11.9 kg dan 84.2 cm. Petugas mencatat Pertumbuhan sesuai usia dan meminta keluarga datang kembali bulan depan.,Gizi Balita,Kesehatan Balita,0.38,Salah
"Kunjungan dilakukan untuk melihat perubahan kondisi anak. Salma Anggraini, usia 34 bulan, menjalani pengukuran fisik rutin. Angka pada timbangan tercatat Lengkap kg dan panjang atau tinggi tubuh tercatat Pemantauan cm. Hasil pencatatan petugas menunjukkan kondisi Normal. Terdapat keterangan tambahan berupa Alergi. Keluarga diminta memperhatikan asupan harian dan mengamati perubahan kondisi anak sampai jadwal kunjungan berikutnya.",Gizi Balita,Kesehatan Balita,0.54,Salah
"Balita mengikuti kunjungan rutin untuk penilaian menyeluruh. Fikri Wijaya, usia 12 bulan, menjalani penilaian kondisi umum, perkembangan sesuai usia, dan riwayat pelayanan sebelumnya. Hasil penilaian kondisi umum adalah Lengkap. Perkembangannya tercatat tidak tersedia, sedangkan catatan pelayanan sebelumnya adalah Polio 3. Keluarga juga menyampaikan riwayat berupa tidak tersedia. Petugas memberikan arahan tindak lanjut sesuai temuan.",Kesehatan Balita,Imunisasi Bayi,0.45,Salah
Perubahan kondisi fisik Daffa Kurniawan kembali diamati pada kunjungan rutin. Angka yang diperoleh adalah 8.3 kg dan 75.7 cm. Petugas mencatat Perlu penanganan segera dan meminta keluarga datang kembali bulan depan. Catatan pelayanan anak sebelumnya turut diperiksa.,Gizi Balita,Kesehatan Balita,0.43,Salah
Perubahan kondisi fisik Safira Permata kembali diamati pada kunjungan rutin. Angka yang diperoleh adalah 10 kg dan 85 cm. Petugas mencatat Perlu pemantauan gizi dan meminta keluarga datang kembali bulan depan.,Gizi Balita,Kesehatan Balita,0.35,Salah
"Orang tua membawa anak untuk menjalani pelayanan rutin terpadu. Anisa Putri, usia 12 bulan, menjalani penilaian kondisi umum, perkembangan sesuai usia, dan riwayat pelayanan sebelumnya. Hasil penilaian kondisi umum adalah Lengkap. Perkembangannya tercatat tidak tersedia, sedangkan catatan pelayanan sebelumnya adalah Polio 4. Keluarga juga menyampaikan riwayat berupa tidak tersedia. Petugas memberikan arahan tindak lanjut sesuai temuan.",Kesehatan Balita,Imunisasi Bayi,0.54,Salah
Perubahan kondisi fisik Adit Pratama kembali diamati pada kunjungan rutin. Angka yang diperoleh adalah 13.8 kg dan 73.8 cm. Petugas mencatat Pertumbuhan sesuai usia dan meminta keluarga datang kembali bulan depan.,Gizi Balita,Kesehatan Balita,0.38,Salah
"Kunjungan dilakukan untuk melihat perubahan kondisi anak. Anak bernama Rafli Permana, ID B025, berusia 18 bulan dan berjenis kelamin Laki-laki. Hasil penimbangan menunjukkan berat badan Tidak Lengkap kg, sedangkan hasil pengukuran tinggi badan adalah Sehat cm. Berdasarkan hasil pengukuran tersebut, kondisi anak tercatat sebagai Normal. Catatan petugas: Diare. Orang tua dianjurkan memperhatikan pola makan anak dan melakukan pengukuran kembali pada kunjungan berikutnya.",Gizi Balita,Kesehatan Balita,0.5,Salah
Arga Pratama datang sesuai jadwal usia 13 bulan. Petugas memberikan pelayanan lanjutan untuk perlindungan terhadap beberapa penyakit dan memperbarui catatan pelayanan pada buku KIA. Orang tua diminta kembali pada jadwal berikutnya.,Imunisasi Bayi,Kesehatan Balita,0.38,Salah
Pelayanan lanjutan untuk Rafif Wijaya dilakukan berdasarkan riwayat yang tercatat Perlu pengaturan pola makan. Pada kunjungan ini anak menerima tindakan pencegahan sesuai jadwal usia. Keluarga diberi penjelasan mengenai reaksi ringan yang mungkin muncul setelah tindakan.,Imunisasi Bayi,Kesehatan Balita,0.41,Salah
"Bayi datang mengikuti jadwal pelayanan sesuai usianya. Bayi bernama Zahra Permata, ID B089, berusia 54 bulan dan berjenis kelamin Perempuan. Pada kunjungan ini diberikan 14.5. Catatan kelengkapan pelayanan anak adalah Pertumbuhan sesuai usia. Petugas menjelaskan jadwal pemberian berikutnya dan meminta orang tua mengamati kondisi bayi setelah pelayanan.",Imunisasi Bayi,Kesehatan Balita,0.5,Salah
"Balita datang mengikuti kegiatan rutin di posyandu. Anak bernama Akbar Permana, ID B082, berusia 53 bulan dan berjenis kelamin Laki-laki. Hasil penimbangan menunjukkan berat badan Belum Lengkap kg, sedangkan hasil pengukuran tinggi badan adalah Pemantauan cm. Berdasarkan hasil pengukuran tersebut, kondisi anak tercatat sebagai Perlu Intervensi. Catatan petugas: ISPA. Orang tua dianjurkan memperhatikan pola makan anak dan melakukan pengukuran kembali pada kunjungan berikutnya.",Gizi Balita,Kesehatan Balita,0.47,Salah
Alya Putri datang sesuai jadwal usia 25 bulan. Petugas memberikan tindakan pencegahan sesuai jadwal usia dan memperbarui catatan pelayanan pada buku KIA. Orang tua diminta kembali pada jadwal berikutnya.,Imunisasi Bayi,Kesehatan Balita,0.37,Salah
Perubahan kondisi fisik Zahra Putri kembali diamati pada kunjungan rutin. Angka yang diperoleh adalah 6.2 kg dan 79 cm. Petugas mencatat Perlu pemantauan gizi dan meminta keluarga datang kembali bulan depan.,Gizi Balita,Kesehatan Balita,0.38,Salah
Buku KIA milik Arga Nugraha diperiksa pada kunjungan hari ini. Petugas kemudian memberikan tindakan sesuai usia anak dan memperbarui catatan kelengkapannya. Jadwal berikutnya telah disampaikan kepada keluarga.,Imunisasi Bayi,Kesehatan Balita,0.39,Salah
Perubahan kondisi fisik Reza Pratama kembali diamati pada kunjungan rutin. Angka yang diperoleh adalah 12.5 kg dan 80.6 cm. Petugas mencatat Pertumbuhan sesuai usia dan meminta keluarga datang kembali bulan depan.,Gizi Balita,Kesehatan Balita,0.43,Salah
"Balita datang mengikuti kegiatan rutin di posyandu. Anak bernama Muhammad Saputra, ID B059, berusia 37 bulan dan berjenis kelamin Laki-laki. Hasil penimbangan menunjukkan berat badan Tidak Lengkap kg, sedangkan hasil pengukuran tinggi badan adalah Pemantauan cm. Berdasarkan hasil pengukuran tersebut, kondisi anak tercatat sebagai Pemantauan. Catatan petugas: ISPA. Orang tua dianjurkan memperhatikan pola makan anak dan melakukan pengukuran kembali pada kunjungan berikutnya. Catatan pelayanan anak sebelumnya turut diperiksa.",Gizi Balita,Kesehatan Balita,0.58,Salah
"Petugas mencatat hasil kunjungan bulanan seorang balita. Syifa Oktavia, usia 18 bulan, menjalani pengukuran fisik rutin. Angka pada timbangan tercatat Lengkap kg dan panjang atau tinggi tubuh tercatat Sehat cm. Hasil pencatatan petugas menunjukkan kondisi Pemantauan. Terdapat keterangan tambahan berupa Asma. Keluarga diminta memperhatikan asupan harian dan mengamati perubahan kondisi anak sampai jadwal kunjungan berikutnya.",Gizi Balita,Kesehatan Balita,0.48,Salah
Buku KIA milik Citra Rahma diperiksa pada kunjungan hari ini. Petugas kemudian memberikan tindakan sesuai usia anak dan memperbarui catatan kelengkapannya. Jadwal berikutnya telah disampaikan kepada keluarga.,Imunisasi Bayi,Kesehatan Balita,0.39,Salah
"Bayi datang mengikuti jadwal pelayanan sesuai usianya. Bayi bernama Melati Putri, ID B899, berusia 16 bulan dan berjenis kelamin Perempuan. Pada kunjungan ini diberikan Campak. Catatan kelengkapan pelayanan anak adalah Lengkap. Petugas menjelaskan jadwal pemberian berikutnya dan meminta orang tua mengamati kondisi bayi setelah pelayanan.",Imunisasi Bayi,Kesehatan Balita,0.47,Salah
Buku KIA milik Safira Rahma diperiksa pada kunjungan hari ini. Petugas kemudian memberikan tindakan sesuai usia anak dan memperbarui catatan kelengkapannya. Jadwal berikutnya telah disampaikan kepada keluarga.,Imunisasi Bayi,Kesehatan Balita,0.38,Salah
Perubahan kondisi fisik Reza Wijaya kembali diamati pada kunjungan rutin. Angka yang diperoleh adalah 11.9 kg dan 74.6 cm. Petugas mencatat Pertumbuhan sesuai usia dan meminta keluarga datang kembali bulan depan.,Gizi Balita,Kesehatan Balita,0.38,Salah
"Orang tua membawa anak untuk menjalani pelayanan rutin terpadu. Anak bernama Aisyah Lestari, ID B012, berusia 6 bulan dan berjenis kelamin Perempuan. Kondisi umum anak tercatat Belum Lengkap. Perkembangan anak tercatat tidak tersedia. Riwayat pelayanan pencegahan tercatat DPT-HB-Hib 2. Riwayat penyakit yang dilaporkan adalah tidak tersedia. Petugas memberikan saran berdasarkan seluruh hasil pemeriksaan dan pencatatan tersebut.",Kesehatan Balita,Imunisasi Bayi,0.45,Salah
"Orang tua membawa bayi sesuai jadwal pada buku KIA. Bayi bernama Aqila Rahma, ID B532, berusia 21 bulan dan berjenis kelamin Perempuan. Pada kunjungan ini diberikan Campak. Catatan kelengkapan pelayanan anak adalah Lengkap. Petugas menjelaskan jadwal pemberian berikutnya dan meminta orang tua mengamati kondisi bayi setelah pelayanan.",Imunisasi Bayi,Kesehatan Balita,0.42,Salah
"Orang tua membawa bayi sesuai jadwal pada buku KIA. Bayi bernama Nabila Permata, ID B1521, berusia 21 bulan dan berjenis kelamin Perempuan. Pada kunjungan ini diberikan Campak. Catatan kelengkapan pelayanan anak adalah Lengkap. Petugas menjelaskan jadwal pemberian berikutnya dan meminta orang tua mengamati kondisi bayi setelah pelayanan. Petugas juga menanyakan pola makan anak kepada orang tua.",Imunisasi Bayi,Gizi Balita,0.4,Salah
Perubahan kondisi fisik Citra Sari kembali diamati pada kunjungan rutin. Angka yang diperoleh adalah 6.4 kg dan 60.8 cm. Petugas mencatat Perlu penanganan segera dan meminta keluarga datang kembali bulan depan.,Gizi Balita,Kesehatan Balita,0.39,Salah
"Balita mengikuti kunjungan rutin untuk penilaian menyeluruh. Nayla Sari, usia 0 bulan, menjalani penilaian kondisi umum, perkembangan sesuai usia, dan riwayat pelayanan sebelumnya. Hasil penilaian kondisi umum adalah Lengkap. Perkembangannya tercatat tidak tersedia, sedangkan catatan pelayanan sebelumnya adalah BCG. Keluarga juga menyampaikan riwayat berupa tidak tersedia. Petugas memberikan arahan tindak lanjut sesuai temuan.",Kesehatan Balita,Imunisasi Bayi,0.5,Salah
Perubahan kondisi fisik Aqila Rahma kembali diamati pada kunjungan rutin. Angka yang diperoleh adalah 5.7 kg dan 79.8 cm. Petugas mencatat Perlu penanganan segera dan meminta keluarga datang kembali bulan depan.,Gizi Balita,Kesehatan Balita,0.39,Salah
Buku KIA milik Melati Permata diperiksa pada kunjungan hari ini. Petugas kemudian memberikan tindakan sesuai usia anak dan memperbarui catatan kelengkapannya. Jadwal berikutnya telah disampaikan kepada keluarga.,Imunisasi Bayi,Kesehatan Balita,0.37,Salah
"Pada kunjungan bulan ini, Aurel Salsabila memiliki hasil pengukuran Lengkap kg dan Pemantauan cm. Petugas mencatat kondisi Normal serta memberikan arahan kepada keluarga untuk melakukan pemantauan ulang.",Gizi Balita,Kesehatan Balita,0.44,Salah
Perubahan kondisi fisik Anisa Sari kembali diamati pada kunjungan rutin. Angka yang diperoleh adalah 6.8 kg dan 86.1 cm. Petugas mencatat Perlu penanganan segera dan meminta keluarga datang kembali bulan depan.,Gizi Balita,Kesehatan Balita,0.4,Salah
Perubahan kondisi fisik Arga Pratama kembali diamati pada kunjungan rutin. Angka yang diperoleh adalah 9.3 kg dan 75.8 cm. Petugas mencatat Pertumbuhan sesuai usia dan meminta keluarga datang kembali bulan depan.,Gizi Balita,Kesehatan Balita,0.45,Salah
Pelayanan lanjutan untuk Alif Wijaya dilakukan berdasarkan riwayat yang tercatat Belum Lengkap. Pada kunjungan ini anak menerima pelayanan lanjutan untuk perlindungan terhadap beberapa penyakit. Keluarga diberi penjelasan mengenai reaksi ringan yang mungkin muncul setelah tindakan.,Imunisasi Bayi,Kesehatan Balita,0.48,Salah
"Balita mengikuti kunjungan rutin untuk penilaian menyeluruh. Farhan Kurniawan, usia 1 bulan, menjalani penilaian kondisi umum, perkembangan sesuai usia, dan riwayat pelayanan sebelumnya. Hasil penilaian kondisi umum adalah Lengkap. Perkembangannya tercatat tidak tersedia, sedangkan catatan pelayanan sebelumnya adalah Polio 3. Keluarga juga menyampaikan riwayat berupa tidak tersedia. Petugas memberikan arahan tindak lanjut sesuai temuan.",Kesehatan Balita,Imunisasi Bayi,0.47,Salah
Buku KIA milik Farhan Kurniawan diperiksa pada kunjungan hari ini. Petugas kemudian memberikan tindakan sesuai usia anak dan memperbarui catatan kelengkapannya. Jadwal berikutnya telah disampaikan kepada keluarga.,Imunisasi Bayi,Kesehatan Balita,0.38,Salah
Pelayanan lanjutan untuk Arga Nugraha dilakukan berdasarkan riwayat yang tercatat Lengkap. Pada kunjungan ini anak menerima pelayanan untuk perlindungan awal terhadap tuberkulosis. Keluarga diberi penjelasan mengenai reaksi ringan yang mungkin muncul setelah tindakan.,Imunisasi Bayi,Kesehatan Balita,0.44,Salah
"Kunjungan dilakukan untuk melanjutkan pelayanan pencegahan. Rizky Pratama, usia 25 bulan, memperoleh tindakan 9.9 sesuai catatan jadwal pelayanan anak. Riwayat pemberian sebelumnya tercatat Perlu pemantauan gizi. Orang tua diminta kembali sesuai jadwal pada buku KIA serta mengamati kemungkinan reaksi setelah tindakan. Petugas juga menanyakan pola makan anak kepada orang tua.",Imunisasi Bayi,Kesehatan Balita,0.47,Salah
Safira Putri datang sesuai jadwal usia 11 bulan. Petugas memberikan pelayanan lanjutan untuk perlindungan terhadap beberapa penyakit dan memperbarui catatan pelayanan pada buku KIA. Orang tua diminta kembali pada jadwal berikutnya. Petugas juga menanyakan pola makan anak kepada orang tua.,Imunisasi Bayi,Kesehatan Balita,0.47,Salah
Pelayanan lanjutan untuk Nayla Lestari dilakukan berdasarkan riwayat yang tercatat Lengkap. Pada kunjungan ini anak menerima pelayanan lanjutan untuk perlindungan terhadap beberapa penyakit. Keluarga diberi penjelasan mengenai reaksi ringan yang mungkin muncul setelah tindakan.,Imunisasi Bayi,Kesehatan Balita,0.52,Salah
"Bayi datang mengikuti jadwal pelayanan sesuai usianya. Bayi bernama Rizky Saputra, ID B1998, berusia 23 bulan dan berjenis kelamin Laki-laki. Pada kunjungan ini diberikan Campak. Catatan kelengkapan pelayanan anak adalah Lengkap. Petugas menjelaskan jadwal pemberian berikutnya dan meminta orang tua mengamati kondisi bayi setelah pelayanan.",Imunisasi Bayi,Kesehatan Balita,0.48,Salah
Buku KIA milik Siti Putri diperiksa pada kunjungan hari ini. Petugas kemudian memberikan tindakan sesuai usia anak dan memperbarui catatan kelengkapannya. Jadwal berikutnya telah disampaikan kepada keluarga. Kondisi fisik anak diamati sebelum tindakan diberikan.,Imunisasi Bayi,Kesehatan Balita,0.42,Salah
"Petugas mencatat hasil kunjungan bulanan seorang balita. Anak bernama Azzahra Maharani, ID B019, berusia 10 bulan dan berjenis kelamin Perempuan. Hasil penimbangan menunjukkan berat badan Lengkap kg, sedangkan hasil pengukuran tinggi badan adalah Perlu Tindakan cm. Berdasarkan hasil pengukuran tersebut, kondisi anak tercatat sebagai Pemantauan. Catatan petugas: Batuk. Orang tua dianjurkan memperhatikan pola makan anak dan melakukan pengukuran kembali pada kunjungan berikutnya. Orang tua diingatkan mengikuti jadwal pelayanan lainnya.",Gizi Balita,Kesehatan Balita,0.52,Salah
"Petugas menerima kunjungan bayi untuk pelayanan lanjutan. Bayi bernama Naufal Pratama, ID B536, berusia 21 bulan dan berjenis kelamin Laki-laki. Pada kunjungan ini diberikan Campak. Catatan kelengkapan pelayanan anak adalah Belum Lengkap. Petugas menjelaskan jadwal pemberian berikutnya dan meminta orang tua mengamati kondisi bayi setelah pelayanan.",Imunisasi Bayi,Kesehatan Balita,0.5,Salah
Buku KIA milik Citra Rahma diperiksa pada kunjungan hari ini. Petugas kemudian memberikan tindakan sesuai usia anak dan memperbarui catatan kelengkapannya. Jadwal berikutnya telah disampaikan kepada keluarga.,Imunisasi Bayi,Kesehatan Balita,0.38,Salah
"Bayi datang mengikuti jadwal pelayanan sesuai usianya. Bayi bernama Ahmad Kurniawan, ID B156, berusia 13 bulan dan berjenis kelamin Laki-laki. Pada kunjungan ini diberikan HB-0. Catatan kelengkapan pelayanan anak adalah Lengkap. Petugas menjelaskan jadwal pemberian berikutnya dan meminta orang tua mengamati kondisi bayi setelah pelayanan.",Imunisasi Bayi,Kesehatan Balita,0.45,Salah
Pelayanan lanjutan untuk Citra Permata dilakukan berdasarkan riwayat yang tercatat Perlu penanganan segera. Pada kunjungan ini anak menerima tindakan pencegahan sesuai jadwal usia. Keluarga diberi penjelasan mengenai reaksi ringan yang mungkin muncul setelah tindakan. Petugas juga menanyakan pola makan anak kepada orang tua.,Imunisasi Bayi,Kesehatan Balita,0.44,Salah
Buku KIA milik Fikri Nugraha diperiksa pada kunjungan hari ini. Petugas kemudian memberikan tindakan sesuai usia anak dan memperbarui catatan kelengkapannya. Jadwal berikutnya telah disampaikan kepada keluarga.,Imunisasi Bayi,Kesehatan Balita,0.37,Salah
Perubahan kondisi fisik Galang Kurniawan kembali diamati pada kunjungan rutin. Angka yang diperoleh adalah 9.6 kg dan 96 cm. Petugas mencatat Pertumbuhan sesuai usia dan meminta keluarga datang kembali bulan depan.,Gizi Balita,Kesehatan Balita,0.46,Salah
"Balita mengikuti kunjungan rutin untuk penilaian menyeluruh. Anak bernama Iqbal Kurniawan, ID B074, berusia 9 bulan dan berjenis kelamin Laki-laki. Kondisi umum anak tercatat Lengkap. Perkembangan anak tercatat tidak tersedia. Riwayat pelayanan pencegahan tercatat Polio 1. Riwayat penyakit yang dilaporkan adalah tidak tersedia. Petugas memberikan saran berdasarkan seluruh hasil pemeriksaan dan pencatatan tersebut. Petugas memberi perhatian khusus pada perkembangan anak.",Kesehatan Balita,Imunisasi Bayi,0.48,Salah
"Petugas menerima kunjungan bayi untuk pelayanan lanjutan. Safira Putri, usia 49 bulan, memperoleh tindakan 10 sesuai catatan jadwal pelayanan anak. Riwayat pemberian sebelumnya tercatat Perlu pemantauan gizi. Orang tua diminta kembali sesuai jadwal pada buku KIA serta mengamati kemungkinan reaksi setelah tindakan.",Imunisasi Bayi,Gizi Balita,0.43,Salah
Pelayanan lanjutan untuk Siti Rahma dilakukan berdasarkan riwayat yang tercatat Lengkap. Pada kunjungan ini anak menerima pelayanan lanjutan untuk perlindungan terhadap beberapa penyakit. Keluarga diberi penjelasan mengenai reaksi ringan yang mungkin muncul setelah tindakan. Kondisi fisik anak diamati sebelum tindakan diberikan.,Imunisasi Bayi,Kesehatan Balita,0.47,Salah
Citra Putri datang sesuai jadwal usia 17 bulan. Petugas memberikan tindakan pencegahan sesuai jadwal usia dan memperbarui catatan pelayanan pada buku KIA. Orang tua diminta kembali pada jadwal berikutnya.,Imunisasi Bayi,Kesehatan Balita,0.43,Salah
Aqila Putri datang sesuai jadwal usia 8 bulan. Petugas memberikan tindakan pencegahan sesuai jadwal usia dan memperbarui catatan pelayanan pada buku KIA. Orang tua diminta kembali pada jadwal berikutnya.,Imunisasi Bayi,Kesehatan Balita,0.46,Salah
Perubahan kondisi fisik Aqila Permata kembali diamati pada kunjungan rutin. Angka yang diperoleh adalah 8.7 kg dan 102.2 cm. Petugas mencatat Pertumbuhan sesuai usia dan meminta keluarga datang kembali bulan depan.,Gizi Balita,Kesehatan Balita,0.45,Salah
Buku KIA milik Melati Lestari diperiksa pada kunjungan hari ini. Petugas kemudian memberikan tindakan sesuai usia anak dan memperbarui catatan kelengkapannya. Jadwal berikutnya telah disampaikan kepada keluarga.,Imunisasi Bayi,Kesehatan Balita,0.39,Salah
"Petugas mencatat hasil kunjungan bulanan seorang balita. Anak bernama Dimas Saputra, ID B068, berusia 52 bulan dan berjenis kelamin Laki-laki. Hasil penimbangan menunjukkan berat badan Tidak Lengkap kg, sedangkan hasil pengukuran tinggi badan adalah Perlu Tindakan cm. Berdasarkan hasil pengukuran tersebut, kondisi anak tercatat sebagai Pemantauan. Catatan petugas: Alergi. Orang tua dianjurkan memperhatikan pola makan anak dan melakukan pengukuran kembali pada kunjungan berikutnya. Buku KIA juga diperiksa secara singkat oleh petugas.",Gizi Balita,Kesehatan Balita,0.51,Salah
Buku KIA milik Fikri Kurniawan diperiksa pada kunjungan hari ini. Petugas kemudian memberikan tindakan sesuai usia anak dan memperbarui catatan kelengkapannya. Jadwal berikutnya telah disampaikan kepada keluarga.,Imunisasi Bayi,Kesehatan Balita,0.39,Salah
Perubahan kondisi fisik Fahri Nugraha kembali diamati pada kunjungan rutin. Angka yang diperoleh adalah 11.5 kg dan 82.4 cm. Petugas mencatat Pertumbuhan sesuai usia dan meminta keluarga datang kembali bulan depan. Catatan pelayanan anak sebelumnya turut diperiksa.,Gizi Balita,Kesehatan Balita,0.43,Salah
Farhan Wijaya datang sesuai jadwal usia 10 bulan. Petugas memberikan pelayanan lanjutan untuk perlindungan terhadap beberapa penyakit dan memperbarui catatan pelayanan pada buku KIA. Orang tua diminta kembali pada jadwal berikutnya.,Imunisasi Bayi,Kesehatan Balita,0.38,Salah
Perubahan kondisi fisik Putri Permata kembali diamati pada kunjungan rutin. Angka yang diperoleh adalah 8.5 kg dan 85.1 cm. Petugas mencatat Pertumbuhan sesuai usia dan meminta keluarga datang kembali bulan depan.,Gizi Balita,Kesehatan Balita,0.38,Salah
"Bayi datang mengikuti jadwal pelayanan sesuai usianya. Bayi bernama Naufal Kurniawan, ID B1420, berusia 13 bulan dan berjenis kelamin Laki-laki. Pada kunjungan ini diberikan HB-0. Catatan kelengkapan pelayanan anak adalah Lengkap. Petugas menjelaskan jadwal pemberian berikutnya dan meminta orang tua mengamati kondisi bayi setelah pelayanan.",Imunisasi Bayi,Kesehatan Balita,0.44,Salah
"Petugas mencatat hasil kunjungan bulanan seorang balita. Nabila Anggraini, usia 43 bulan, menjalani pengukuran fisik rutin. Angka pada timbangan tercatat Belum Lengkap kg dan panjang atau tinggi tubuh tercatat Pemantauan cm. Hasil pencatatan petugas menunjukkan kondisi Normal. Terdapat keterangan tambahan berupa Alergi. Keluarga diminta memperhatikan asupan harian dan mengamati perubahan kondisi anak sampai jadwal kunjungan berikutnya.",Gizi Balita,Kesehatan Balita,0.45,Salah
Anisa Sari datang sesuai jadwal usia 46 bulan. Petugas memberikan tindakan pencegahan sesuai jadwal usia dan memperbarui catatan pelayanan pada buku KIA. Orang tua diminta kembali pada jadwal berikutnya.,Imunisasi Bayi,Kesehatan Balita,0.36,Salah
Rafa Saputra datang sesuai jadwal usia 9 bulan. Petugas memberikan pelayanan lanjutan untuk perlindungan terhadap beberapa penyakit dan memperbarui catatan pelayanan pada buku KIA. Orang tua diminta kembali pada jadwal berikutnya. Orang tua turut berkonsultasi mengenai pertumbuhan anak.,Imunisasi Bayi,Kesehatan Balita,0.48,Salah
"Kunjungan hari ini mencakup peninjauan kondisi dan perkembangan anak. Anak bernama Naufal Wijaya, ID B020, berusia 17 bulan dan berjenis kelamin Laki-laki. Kondisi umum anak tercatat Lengkap. Perkembangan anak tercatat tidak tersedia. Riwayat pelayanan pencegahan tercatat BCG. Riwayat penyakit yang dilaporkan adalah tidak tersedia. Petugas memberikan saran berdasarkan seluruh hasil pemeriksaan dan pencatatan tersebut.",Kesehatan Balita,Imunisasi Bayi,0.46,Salah
Buku KIA milik Zidan Pratama diperiksa pada kunjungan hari ini. Petugas kemudian memberikan tindakan sesuai usia anak dan memperbarui catatan kelengkapannya. Jadwal berikutnya telah disampaikan kepada keluarga.,Imunisasi Bayi,Kesehatan Balita,0.39,Salah
"Bayi datang mengikuti jadwal pelayanan sesuai usianya. Bayi bernama Arga Saputra, ID B1293, berusia 10 bulan dan berjenis kelamin Laki-laki. Pada kunjungan ini diberikan Campak. Catatan kelengkapan pelayanan anak adalah Lengkap. Petugas menjelaskan jadwal pemberian berikutnya dan meminta orang tua mengamati kondisi bayi setelah pelayanan. Petugas juga menanyakan pola makan anak kepada orang tua.",Imunisasi Bayi,Gizi Balita,0.47,Salah
"Bayi datang mengikuti jadwal pelayanan sesuai usianya. Bayi bernama Dimas Kurniawan, ID B1015, berusia 13 bulan dan berjenis kelamin Laki-laki. Pada kunjungan ini diberikan HB-0. Catatan kelengkapan pelayanan anak adalah Lengkap. Petugas menjelaskan jadwal pemberian berikutnya dan meminta orang tua mengamati kondisi bayi setelah pelayanan. Petugas juga menanyakan pola makan anak kepada orang tua.",Imunisasi Bayi,Gizi Balita,0.39,Salah
Galang Wijaya datang sesuai jadwal usia 19 bulan. Petugas memberikan pelayanan lanjutan untuk perlindungan terhadap beberapa penyakit dan memperbarui catatan pelayanan pada buku KIA. Orang tua diminta kembali pada jadwal berikutnya.,Imunisasi Bayi,Kesehatan Balita,0.4,Salah
"Bayi datang mengikuti jadwal pelayanan sesuai usianya. Rahma Rahma, usia 41 bulan, memperoleh tindakan 11.1 sesuai catatan jadwal pelayanan anak. Riwayat pemberian sebelumnya tercatat Pertumbuhan sesuai usia. Orang tua diminta kembali sesuai jadwal pada buku KIA serta mengamati kemungkinan reaksi setelah tindakan. Petugas juga menanyakan pola makan anak kepada orang tua.",Imunisasi Bayi,Kesehatan Balita,0.48,Salah
Buku KIA milik Naufal Saputra diperiksa pada kunjungan hari ini. Petugas kemudian memberikan tindakan sesuai usia anak dan memperbarui catatan kelengkapannya. Jadwal berikutnya telah disampaikan kepada keluarga.,Imunisasi Bayi,Kesehatan Balita,0.38,Salah
Nayla Permata datang sesuai jadwal usia 6 bulan. Petugas memberikan tindakan pencegahan sesuai jadwal usia dan memperbarui catatan pelayanan pada buku KIA. Orang tua diminta kembali pada jadwal berikutnya.,Imunisasi Bayi,Kesehatan Balita,0.37,Salah
Buku KIA milik Nayla Rahma diperiksa pada kunjungan hari ini. Petugas kemudian memberikan tindakan sesuai usia anak dan memperbarui catatan kelengkapannya. Jadwal berikutnya telah disampaikan kepada keluarga.,Imunisasi Bayi,Kesehatan Balita,0.46,Salah
Perubahan kondisi fisik Zidan Ramadhan kembali diamati pada kunjungan rutin. Angka yang diperoleh adalah Tidak Lengkap kg dan Pemantauan cm. Petugas mencatat Cacar Air dan meminta keluarga datang kembali bulan depan.,Gizi Balita,Kesehatan Balita,0.39,Salah
Buku KIA milik Aisyah Sari diperiksa pada kunjungan hari ini. Petugas kemudian memberikan tindakan sesuai usia anak dan memperbarui catatan kelengkapannya. Jadwal berikutnya telah disampaikan kepada keluarga. Kondisi fisik anak diamati sebelum tindakan diberikan.,Imunisasi Bayi,Kesehatan Balita,0.41,Salah
"Bayi datang mengikuti jadwal pelayanan sesuai usianya. Bayi bernama Rahma Putri, ID B316, berusia 8 bulan dan berjenis kelamin Perempuan. Pada kunjungan ini diberikan HB-0. Catatan kelengkapan pelayanan anak adalah Lengkap. Petugas menjelaskan jadwal pemberian berikutnya dan meminta orang tua mengamati kondisi bayi setelah pelayanan. Orang tua turut berkonsultasi mengenai pertumbuhan anak.",Imunisasi Bayi,Kesehatan Balita,0.46,Salah
Aqila Rahma datang sesuai jadwal usia 4 bulan. Petugas memberikan tindakan pencegahan sesuai jadwal usia dan memperbarui catatan pelayanan pada buku KIA. Orang tua diminta kembali pada jadwal berikutnya.,Imunisasi Bayi,Kesehatan Balita,0.37,Salah
"Petugas menerima kunjungan bayi untuk pelayanan lanjutan. Bayi bernama Alya Rahma, ID B054, berusia 42 bulan dan berjenis kelamin Perempuan. Pada kunjungan ini diberikan 12.3. Catatan kelengkapan pelayanan anak adalah Pertumbuhan sesuai usia. Petugas menjelaskan jadwal pemberian berikutnya dan meminta orang tua mengamati kondisi bayi setelah pelayanan.",Imunisasi Bayi,Kesehatan Balita,0.5,Salah
"Bayi datang mengikuti jadwal pelayanan sesuai usianya. Bayi bernama Putri Rahma, ID B422, berusia 19 bulan dan berjenis kelamin Perempuan. Pada kunjungan ini diberikan Campak. Catatan kelengkapan pelayanan anak adalah Belum Lengkap. Petugas menjelaskan jadwal pemberian berikutnya dan meminta orang tua mengamati kondisi bayi setelah pelayanan. Petugas juga menanyakan pola makan anak kepada orang tua.",Imunisasi Bayi,Kesehatan Balita,0.44,Salah
Pelayanan lanjutan untuk Alya Lestari dilakukan berdasarkan riwayat yang tercatat Lengkap. Pada kunjungan ini anak menerima pelayanan untuk perlindungan awal terhadap tuberkulosis. Keluarga diberi penjelasan mengenai reaksi ringan yang mungkin muncul setelah tindakan.,Imunisasi Bayi,Kesehatan Balita,0.41,Salah
Perubahan kondisi fisik Fikri Pratama kembali diamati pada kunjungan rutin. Angka yang diperoleh adalah 18 kg dan 84.5 cm. Petugas mencatat Pertumbuhan sesuai usia dan meminta keluarga datang kembali bulan depan.,Gizi Balita,Kesehatan Balita,0.39,Salah
Perubahan kondisi fisik Reza Pratama kembali diamati pada kunjungan rutin. Angka yang diperoleh adalah 16.3 kg dan 95.5 cm. Petugas mencatat Pertumbuhan sesuai usia dan meminta keluarga datang kembali bulan depan. Buku KIA juga diperiksa secara singkat oleh petugas.,Gizi Balita,Kesehatan Balita,0.42,Salah
"Pada kunjungan bulan ini, Farhan Ramadhan memiliki hasil pengukuran Lengkap kg dan Pemantauan cm. Petugas mencatat kondisi Pemantauan serta memberikan arahan kepada keluarga untuk melakukan pemantauan ulang.",Gizi Balita,Kesehatan Balita,0.38,Salah
Buku KIA milik Zahra Lestari diperiksa pada kunjungan hari ini. Petugas kemudian memberikan tindakan sesuai usia anak dan memperbarui catatan kelengkapannya. Jadwal berikutnya telah disampaikan kepada keluarga. Kondisi fisik anak diamati sebelum tindakan diberikan.,Imunisasi Bayi,Kesehatan Balita,0.43,Salah
"Orang tua membawa bayi sesuai jadwal pada buku KIA. Bayi bernama Syifa Rahma, ID B1276, berusia 23 bulan dan berjenis kelamin Perempuan. Pada kunjungan ini diberikan Campak. Catatan kelengkapan pelayanan anak adalah Lengkap. Petugas menjelaskan jadwal pemberian berikutnya dan meminta orang tua mengamati kondisi bayi setelah pelayanan.",Imunisasi Bayi,Kesehatan Balita,0.42,Salah
Perubahan kondisi fisik Farhan Nugraha kembali diamati pada kunjungan rutin. Angka yang diperoleh adalah 10.5 kg dan 98.6 cm. Petugas mencatat Pertumbuhan sesuai usia dan meminta keluarga datang kembali bulan depan. Orang tua diingatkan mengikuti jadwal pelayanan lainnya.,Gizi Balita,Kesehatan Balita,0.51,Salah
"Bayi datang mengikuti jadwal pelayanan sesuai usianya. Bayi bernama Anisa Rahma, ID B232, berusia 6 bulan dan berjenis kelamin Perempuan. Pada kunjungan ini diberikan Campak. Catatan kelengkapan pelayanan anak adalah Lengkap. Petugas menjelaskan jadwal pemberian berikutnya dan meminta orang tua mengamati kondisi bayi setelah pelayanan.",Imunisasi Bayi,Kesehatan Balita,0.43,Salah
Pelayanan lanjutan untuk Farhan Nugraha dilakukan berdasarkan riwayat yang tercatat Lengkap. Pada kunjungan ini anak menerima pelayanan lanjutan untuk perlindungan terhadap beberapa penyakit. Keluarga diberi penjelasan mengenai reaksi ringan yang mungkin muncul setelah tindakan.,Imunisasi Bayi,Kesehatan Balita,0.43,Salah
Buku KIA milik Daffa Saputra diperiksa pada kunjungan hari ini. Petugas kemudian memberikan tindakan sesuai usia anak dan memperbarui catatan kelengkapannya. Jadwal berikutnya telah disampaikan kepada keluarga.,Imunisasi Bayi,Kesehatan Balita,0.39,Salah
Pelayanan lanjutan untuk Farhan Wijaya dilakukan berdasarkan riwayat yang tercatat Lengkap. Pada kunjungan ini anak menerima pelayanan lanjutan untuk perlindungan terhadap beberapa penyakit. Keluarga diberi penjelasan mengenai reaksi ringan yang mungkin muncul setelah tindakan.,Imunisasi Bayi,Kesehatan Balita,0.42,Salah
Buku KIA milik Daffa Nugraha diperiksa pada kunjungan hari ini. Petugas kemudian memberikan tindakan sesuai usia anak dan memperbarui catatan kelengkapannya. Jadwal berikutnya telah disampaikan kepada keluarga.,Imunisasi Bayi,Kesehatan Balita,0.39,Salah
Buku KIA milik Daffa Saputra diperiksa pada kunjungan hari ini. Petugas kemudian memberikan tindakan sesuai usia anak dan memperbarui catatan kelengkapannya. Jadwal berikutnya telah disampaikan kepada keluarga.,Imunisasi Bayi,Kesehatan Balita,0.38,Salah
"Balita mengikuti kunjungan rutin untuk penilaian menyeluruh. Rian Saputra, usia 1 bulan, menjalani penilaian kondisi umum, perkembangan sesuai usia, dan riwayat pelayanan sebelumnya. Hasil penilaian kondisi umum adalah Lengkap. Perkembangannya tercatat tidak tersedia, sedangkan catatan pelayanan sebelumnya adalah Polio 4. Keluarga juga menyampaikan riwayat berupa tidak tersedia. Petugas memberikan arahan tindak lanjut sesuai temuan.",Kesehatan Balita,Imunisasi Bayi,0.53,Salah
Alif Wijaya datang sesuai jadwal usia 0 bulan. Petugas memberikan tindakan pencegahan sesuai jadwal usia dan memperbarui catatan pelayanan pada buku KIA. Orang tua diminta kembali pada jadwal berikutnya.,Imunisasi Bayi,Kesehatan Balita,0.39,Salah
Melati Sari datang sesuai jadwal usia 7 bulan. Petugas memberikan tindakan pencegahan sesuai jadwal usia dan memperbarui catatan pelayanan pada buku KIA. Orang tua diminta kembali pada jadwal berikutnya.,Imunisasi Bayi,Kesehatan Balita,0.36,Salah
"Orang tua membawa bayi sesuai jadwal pada buku KIA. Bayi bernama Kayla Rahma, ID B1389, berusia 11 bulan dan berjenis kelamin Perempuan. Pada kunjungan ini diberikan HB-0. Catatan kelengkapan pelayanan anak adalah Lengkap. Petugas menjelaskan jadwal pemberian berikutnya dan meminta orang tua mengamati kondisi bayi setelah pelayanan. Orang tua turut berkonsultasi mengenai pertumbuhan anak.",Imunisasi Bayi,Kesehatan Balita,0.45,Salah
"Orang tua membawa bayi sesuai jadwal pada buku KIA. Bayi bernama Farhan Nugraha, ID B891, berusia 11 bulan dan berjenis kelamin Laki-laki. Pada kunjungan ini diberikan HB-0. Catatan kelengkapan pelayanan anak adalah Lengkap. Petugas menjelaskan jadwal pemberian berikutnya dan meminta orang tua mengamati kondisi bayi setelah pelayanan. Petugas juga menanyakan pola makan anak kepada orang tua.",Imunisasi Bayi,Gizi Balita,0.39,Salah
"Bayi datang mengikuti jadwal pelayanan sesuai usianya. Bayi bernama Alif Saputra, ID B1108, berusia 18 bulan dan berjenis kelamin Laki-laki. Pada kunjungan ini diberikan Campak. Catatan kelengkapan pelayanan anak adalah Lengkap. Petugas menjelaskan jadwal pemberian berikutnya dan meminta orang tua mengamati kondisi bayi setelah pelayanan.",Imunisasi Bayi,Kesehatan Balita,0.49,Salah
"Petugas melakukan pencatatan beberapa aspek kondisi anak. Aqila Sari, usia 19 bulan, menjalani penilaian kondisi umum, perkembangan sesuai usia, dan riwayat pelayanan sebelumnya. Hasil penilaian kondisi umum adalah Belum Lengkap. Perkembangannya tercatat tidak tersedia, sedangkan catatan pelayanan sebelumnya adalah DPT-HB-Hib 3. Keluarga juga menyampaikan riwayat berupa tidak tersedia. Petugas memberikan arahan tindak lanjut sesuai temuan.",Kesehatan Balita,Imunisasi Bayi,0.46,Salah
"Petugas menerima kunjungan bayi untuk pelayanan lanjutan. Bayi bernama Ahmad Pratama, ID B023, berusia 47 bulan dan berjenis kelamin Laki-laki. Pada kunjungan ini diberikan 23.8. Catatan kelengkapan pelayanan anak adalah Perlu pengaturan pola makan. Petugas menjelaskan jadwal pemberian berikutnya dan meminta orang tua mengamati kondisi bayi setelah pelayanan.",Imunisasi Bayi,Gizi Balita,0.47,Salah
"Petugas melakukan pencatatan beberapa aspek kondisi anak. Lestari Lestari, usia 2 bulan, menjalani penilaian kondisi umum, perkembangan sesuai usia, dan riwayat pelayanan sebelumnya. Hasil penilaian kondisi umum adalah Lengkap. Perkembangannya tercatat tidak tersedia, sedangkan catatan pelayanan sebelumnya adalah DPT-HB-Hib 1. Keluarga juga menyampaikan riwayat berupa tidak tersedia. Petugas memberikan arahan tindak lanjut sesuai temuan.",Kesehatan Balita,Imunisasi Bayi,0.47,Salah
"Petugas melakukan pencatatan beberapa aspek kondisi anak. Nayla Permata, usia 5 bulan, menjalani penilaian kondisi umum, perkembangan sesuai usia, dan riwayat pelayanan sebelumnya. Hasil penilaian kondisi umum adalah Lengkap. Perkembangannya tercatat tidak tersedia, sedangkan catatan pelayanan sebelumnya adalah Polio 4. Keluarga juga menyampaikan riwayat berupa tidak tersedia. Petugas memberikan arahan tindak lanjut sesuai temuan. Catatan pelayanan sebelumnya menjadi bagian dari penilaian.",Kesehatan Balita,Imunisasi Bayi,0.48,Salah
Buku KIA milik Melati Sari diperiksa pada kunjungan hari ini. Petugas kemudian memberikan tindakan sesuai usia anak dan memperbarui catatan kelengkapannya. Jadwal berikutnya telah disampaikan kepada keluarga.,Imunisasi Bayi,Kesehatan Balita,0.44,Salah
Buku KIA milik Iqbal Saputra diperiksa pada kunjungan hari ini. Petugas kemudian memberikan tindakan sesuai usia anak dan memperbarui catatan kelengkapannya. Jadwal berikutnya telah disampaikan kepada keluarga. Kondisi fisik anak diamati sebelum tindakan diberikan.,Imunisasi Bayi,Kesehatan Balita,0.42,Salah
Buku KIA milik Indah Sari diperiksa pada kunjungan hari ini. Petugas kemudian memberikan tindakan sesuai usia anak dan memperbarui catatan kelengkapannya. Jadwal berikutnya telah disampaikan kepada keluarga.,Imunisasi Bayi,Kesehatan Balita,0.46,Salah
Perubahan kondisi fisik Putri Sari kembali diamati pada kunjungan rutin. Angka yang diperoleh adalah 9 kg dan 87.2 cm. Petugas mencatat Pertumbuhan sesuai usia dan meminta keluarga datang kembali bulan depan.,Gizi Balita,Kesehatan Balita,0.37,Salah
Rafif Kurniawan datang sesuai jadwal usia 17 bulan. Petugas memberikan tindakan pencegahan sesuai jadwal usia dan memperbarui catatan pelayanan pada buku KIA. Orang tua diminta kembali pada jadwal berikutnya.,Imunisasi Bayi,Kesehatan Balita,0.38,Salah
Perubahan kondisi fisik Arga Pratama kembali diamati pada kunjungan rutin. Angka yang diperoleh adalah 12.9 kg dan 97.4 cm. Petugas mencatat Pertumbuhan sesuai usia dan meminta keluarga datang kembali bulan depan.,Gizi Balita,Kesehatan Balita,0.39,Salah
"Pada kunjungan bulan ini, Nabila Putri memiliki hasil pengukuran Lengkap kg dan Sehat cm. Petugas mencatat kondisi Normal serta memberikan arahan kepada keluarga untuk melakukan pemantauan ulang. Orang tua diingatkan mengikuti jadwal pelayanan lainnya.",Gizi Balita,Kesehatan Balita,0.39,Salah
"Petugas menerima kunjungan bayi untuk pelayanan lanjutan. Salsa Putri, usia 40 bulan, memperoleh tindakan 12.6 sesuai catatan jadwal pelayanan anak. Riwayat pemberian sebelumnya tercatat Pertumbuhan sesuai usia. Orang tua diminta kembali sesuai jadwal pada buku KIA serta mengamati kemungkinan reaksi setelah tindakan. Orang tua turut berkonsultasi mengenai pertumbuhan anak.",Imunisasi Bayi,Kesehatan Balita,0.47,Salah
Melati Sari datang sesuai jadwal usia 18 bulan. Petugas memberikan pelayanan lanjutan untuk perlindungan terhadap beberapa penyakit dan memperbarui catatan pelayanan pada buku KIA. Orang tua diminta kembali pada jadwal berikutnya. Petugas juga menanyakan pola makan anak kepada orang tua.,Imunisasi Bayi,Kesehatan Balita,0.42,Salah
"Siti Putri, usia 34 bulan, datang untuk evaluasi rutin. Petugas meninjau perkembangan, kondisi umum, serta riwayat pelayanan anak. Berdasarkan hasil tersebut, keluarga diberi arahan untuk kunjungan berikutnya. Keluarga diminta menjaga pola makan dan jadwal kunjungan.",Kesehatan Balita,Gizi Balita,0.34,Salah
"Orang tua membawa bayi sesuai jadwal pada buku KIA. Bayi bernama Ahmad Wijaya, ID B041, berusia 32 bulan dan berjenis kelamin Laki-laki. Pada kunjungan ini diberikan 7.9. Catatan kelengkapan pelayanan anak adalah Perlu pemantauan gizi. Petugas menjelaskan jadwal pemberian berikutnya dan meminta orang tua mengamati kondisi bayi setelah pelayanan.",Imunisasi Bayi,Gizi Balita,0.43,Salah
Perubahan kondisi fisik Fahri Saputra kembali diamati pada kunjungan rutin. Angka yang diperoleh adalah 8.1 kg dan 72.6 cm. Petugas mencatat Perlu pemantauan gizi dan meminta keluarga datang kembali bulan depan. Orang tua diingatkan mengikuti jadwal pelayanan lainnya.,Gizi Balita,Kesehatan Balita,0.47,Salah
"Petugas menerima kunjungan bayi untuk pelayanan lanjutan. Bayi bernama Salsa Permata, ID B048, berusia 3 bulan dan berjenis kelamin Perempuan. Pada kunjungan ini diberikan 16.8. Catatan kelengkapan pelayanan anak adalah Pertumbuhan sesuai usia. Petugas menjelaskan jadwal pemberian berikutnya dan meminta orang tua mengamati kondisi bayi setelah pelayanan.",Imunisasi Bayi,Kesehatan Balita,0.48,Salah
Perubahan kondisi fisik Alif Kurniawan kembali diamati pada kunjungan rutin. Angka yang diperoleh adalah 9.8 kg dan 86 cm. Petugas mencatat Perlu pemantauan gizi dan meminta keluarga datang kembali bulan depan. Orang tua diingatkan mengikuti jadwal pelayanan lainnya.,Gizi Balita,Kesehatan Balita,0.41,Salah
Perubahan kondisi fisik Rafif Kurniawan kembali diamati pada kunjungan rutin. Angka yang diperoleh adalah 16.1 kg dan 96.7 cm. Petugas mencatat Pertumbuhan sesuai usia dan meminta keluarga datang kembali bulan depan. Buku KIA juga diperiksa secara singkat oleh petugas.,Gizi Balita,Kesehatan Balita,0.49,Salah
Buku KIA milik Dimas Nugraha diperiksa pada kunjungan hari ini. Petugas kemudian memberikan tindakan sesuai usia anak dan memperbarui catatan kelengkapannya. Jadwal berikutnya telah disampaikan kepada keluarga.,Imunisasi Bayi,Kesehatan Balita,0.39,Salah
Pelayanan lanjutan untuk Kayla Permata dilakukan berdasarkan riwayat yang tercatat Lengkap. Pada kunjungan ini anak menerima pelayanan lanjutan untuk perlindungan terhadap beberapa penyakit. Keluarga diberi penjelasan mengenai reaksi ringan yang mungkin muncul setelah tindakan.,Imunisasi Bayi,Kesehatan Balita,0.45,Salah
"Petugas menerima kunjungan bayi untuk pelayanan lanjutan. Bayi bernama Indah Permata, ID B1961, berusia 24 bulan dan berjenis kelamin Perempuan. Pada kunjungan ini diberikan Campak. Catatan kelengkapan pelayanan anak adalah Lengkap. Petugas menjelaskan jadwal pemberian berikutnya dan meminta orang tua mengamati kondisi bayi setelah pelayanan.",Imunisasi Bayi,Kesehatan Balita,0.43,Salah
"Pada kunjungan bulan ini, Farhan Nugraha memiliki hasil pengukuran Lengkap kg dan Pemantauan cm. Petugas mencatat kondisi Normal serta memberikan arahan kepada keluarga untuk melakukan pemantauan ulang.",Gizi Balita,Kesehatan Balita,0.36,Salah
Buku KIA milik Adit Kurniawan diperiksa pada kunjungan hari ini. Petugas kemudian memberikan tindakan sesuai usia anak dan memperbarui catatan kelengkapannya. Jadwal berikutnya telah disampaikan kepada keluarga.,Imunisasi Bayi,Kesehatan Balita,0.37,Salah
"Kunjungan dilakukan untuk melihat perubahan kondisi anak. Anak bernama Raka Permana, ID B088, berusia 8 bulan dan berjenis kelamin Laki-laki. Hasil penimbangan menunjukkan berat badan Lengkap kg, sedangkan hasil pengukuran tinggi badan adalah Sehat cm. Berdasarkan hasil pengukuran tersebut, kondisi anak tercatat sebagai Normal. Catatan petugas: Demam. Orang tua dianjurkan memperhatikan pola makan anak dan melakukan pengukuran kembali pada kunjungan berikutnya. Orang tua diingatkan mengikuti jadwal pelayanan lainnya.",Gizi Balita,Kesehatan Balita,0.49,Salah
Perubahan kondisi fisik Indah Sari kembali diamati pada kunjungan rutin. Angka yang diperoleh adalah 11.1 kg dan 105.1 cm. Petugas mencatat Pertumbuhan sesuai usia dan meminta keluarga datang kembali bulan depan.,Gizi Balita,Kesehatan Balita,0.39,Salah
Perubahan kondisi fisik Citra Permata kembali diamati pada kunjungan rutin. Angka yang diperoleh adalah 15.5 kg dan 76.1 cm. Petugas mencatat Pertumbuhan sesuai usia dan meminta keluarga datang kembali bulan depan.,Gizi Balita,Kesehatan Balita,0.41,Salah
"Orang tua membawa bayi sesuai jadwal pada buku KIA. Bayi bernama Nabila Putri, ID B1955, berusia 12 bulan dan berjenis kelamin Perempuan. Pada kunjungan ini diberikan Campak. Catatan kelengkapan pelayanan anak adalah Belum Lengkap. Petugas menjelaskan jadwal pemberian berikutnya dan meminta orang tua mengamati kondisi bayi setelah pelayanan.",Imunisasi Bayi,Kesehatan Balita,0.45,Salah
Citra Lestari datang sesuai jadwal usia 19 bulan. Petugas memberikan pelayanan lanjutan untuk perlindungan terhadap beberapa penyakit dan memperbarui catatan pelayanan pada buku KIA. Orang tua diminta kembali pada jadwal berikutnya.,Imunisasi Bayi,Kesehatan Balita,0.42,Salah
"Bayi datang mengikuti jadwal pelayanan sesuai usianya. Bayi bernama Daffa Pratama, ID B1777, berusia 20 bulan dan berjenis kelamin Laki-laki. Pada kunjungan ini diberikan Campak. Catatan kelengkapan pelayanan anak adalah Belum Lengkap. Petugas menjelaskan jadwal pemberian berikutnya dan meminta orang tua mengamati kondisi bayi setelah pelayanan.",Imunisasi Bayi,Kesehatan Balita,0.43,Salah
"Orang tua membawa bayi sesuai jadwal pada buku KIA. Bayi bernama Rafa Wijaya, ID B1797, berusia 23 bulan dan berjenis kelamin Laki-laki. Pada kunjungan ini diberikan HB-0. Catatan kelengkapan pelayanan anak adalah Lengkap. Petugas menjelaskan jadwal pemberian berikutnya dan meminta orang tua mengamati kondisi bayi setelah pelayanan. Orang tua turut berkonsultasi mengenai pertumbuhan anak.",Imunisasi Bayi,Kesehatan Balita,0.51,Salah
Perubahan kondisi fisik Nayla Sari kembali diamati pada kunjungan rutin. Angka yang diperoleh adalah 18 kg dan 80 cm. Petugas mencatat Pertumbuhan sesuai usia dan meminta keluarga datang kembali bulan depan.,Gizi Balita,Kesehatan Balita,0.39,Salah
Perubahan kondisi fisik Nabila Rahma kembali diamati pada kunjungan rutin. Angka yang diperoleh adalah 8.9 kg dan 77.8 cm. Petugas mencatat Perlu penanganan segera dan meminta keluarga datang kembali bulan depan.,Gizi Balita,Kesehatan Balita,0.37,Salah
Perubahan kondisi fisik Indah Sari kembali diamati pada kunjungan rutin. Angka yang diperoleh adalah 14.6 kg dan 94 cm. Petugas mencatat Pertumbuhan sesuai usia dan meminta keluarga datang kembali bulan depan.,Gizi Balita,Kesehatan Balita,0.36,Salah
"Petugas menerima kunjungan bayi untuk pelayanan lanjutan. Bayi bernama Nabila Putri, ID B018, berusia 29 bulan dan berjenis kelamin Perempuan. Pada kunjungan ini diberikan 10.2. Catatan kelengkapan pelayanan anak adalah Gizi Kurang. Petugas menjelaskan jadwal pemberian berikutnya dan meminta orang tua mengamati kondisi bayi setelah pelayanan.",Imunisasi Bayi,Gizi Balita,0.38,Salah
Buku KIA milik Citra Putri diperiksa pada kunjungan hari ini. Petugas kemudian memberikan tindakan sesuai usia anak dan memperbarui catatan kelengkapannya. Jadwal berikutnya telah disampaikan kepada keluarga.,Imunisasi Bayi,Kesehatan Balita,0.38,Salah
Buku KIA milik Nayla Rahma diperiksa pada kunjungan hari ini. Petugas kemudian memberikan tindakan sesuai usia anak dan memperbarui catatan kelengkapannya. Jadwal berikutnya telah disampaikan kepada keluarga.,Imunisasi Bayi,Kesehatan Balita,0.46,Salah
Perubahan kondisi fisik Daffa Wijaya kembali diamati pada kunjungan rutin. Angka yang diperoleh adalah 14.2 kg dan 76.8 cm. Petugas mencatat Pertumbuhan sesuai usia dan meminta keluarga datang kembali bulan depan.,Gizi Balita,Kesehatan Balita,0.47,Salah
Perubahan kondisi fisik Melati Lestari kembali diamati pada kunjungan rutin. Angka yang diperoleh adalah 14.5 kg dan 79.5 cm. Petugas mencatat Pertumbuhan sesuai usia dan meminta keluarga datang kembali bulan depan. Catatan pelayanan anak sebelumnya turut diperiksa.,Gizi Balita,Kesehatan Balita,0.42,Salah
Perubahan kondisi fisik Zahra Lestari kembali diamati pada kunjungan rutin. Angka yang diperoleh adalah 10.8 kg dan 86.8 cm. Petugas mencatat Pertumbuhan sesuai usia dan meminta keluarga datang kembali bulan depan.,Gizi Balita,Kesehatan Balita,0.37,Salah
Perubahan kondisi fisik Putri Permata kembali diamati pada kunjungan rutin. Angka yang diperoleh adalah 8.9 kg dan 100.9 cm. Petugas mencatat Pertumbuhan sesuai usia dan meminta keluarga datang kembali bulan depan.,Gizi Balita,Kesehatan Balita,0.39,Salah
Buku KIA milik Bagas Pratama diperiksa pada kunjungan hari ini. Petugas kemudian memberikan tindakan sesuai usia anak dan memperbarui catatan kelengkapannya. Jadwal berikutnya telah disampaikan kepada keluarga.,Imunisasi Bayi,Kesehatan Balita,0.39,Salah
Farhan Pratama datang sesuai jadwal usia 24 bulan. Petugas memberikan pelayanan lanjutan untuk perlindungan terhadap beberapa penyakit dan memperbarui catatan pelayanan pada buku KIA. Orang tua diminta kembali pada jadwal berikutnya.,Imunisasi Bayi,Kesehatan Balita,0.44,Salah
Perubahan kondisi fisik Fahri Kurniawan kembali diamati pada kunjungan rutin. Angka yang diperoleh adalah 12.3 kg dan 70.8 cm. Petugas mencatat Pertumbuhan sesuai usia dan meminta keluarga datang kembali bulan depan.,Gizi Balita,Kesehatan Balita,0.43,Salah
Buku KIA milik Bagas Saputra diperiksa pada kunjungan hari ini. Petugas kemudian memberikan tindakan sesuai usia anak dan memperbarui catatan kelengkapannya. Jadwal berikutnya telah disampaikan kepada keluarga. Kondisi fisik anak diamati sebelum tindakan diberikan.,Imunisasi Bayi,Kesehatan Balita,0.43,Salah
"Bayi datang mengikuti jadwal pelayanan sesuai usianya. Bayi bernama Alya Rahma, ID B036, berusia 25 bulan dan berjenis kelamin Perempuan. Pada kunjungan ini diberikan 9.6. Catatan kelengkapan pelayanan anak adalah Perlu pemantauan gizi. Petugas menjelaskan jadwal pemberian berikutnya dan meminta orang tua mengamati kondisi bayi setelah pelayanan.",Imunisasi Bayi,Gizi Balita,0.44,Salah
"Pada kunjungan bulan ini, Nabila Maharani memiliki hasil pengukuran Lengkap kg dan Perlu Tindakan cm. Petugas mencatat kondisi Pemantauan serta memberikan arahan kepada keluarga untuk melakukan pemantauan ulang.",Gizi Balita,Kesehatan Balita,0.38,Salah
"Kunjungan dilakukan untuk melihat perubahan kondisi anak. Aurel Wulandari, usia 16 bulan, menjalani pengukuran fisik rutin. Angka pada timbangan tercatat Lengkap kg dan panjang atau tinggi tubuh tercatat Pemantauan cm. Hasil pencatatan petugas menunjukkan kondisi Pemantauan. Terdapat keterangan tambahan berupa Campak. Keluarga diminta memperhatikan asupan harian dan mengamati perubahan kondisi anak sampai jadwal kunjungan berikutnya.",Gizi Balita,Kesehatan Balita,0.47,Salah
Buku KIA milik Citra Rahma diperiksa pada kunjungan hari ini. Petugas kemudian memberikan tindakan sesuai usia anak dan memperbarui catatan kelengkapannya. Jadwal berikutnya telah disampaikan kepada keluarga. Orang tua turut berkonsultasi mengenai pertumbuhan anak.,Imunisasi Bayi,Kesehatan Balita,0.43,Salah
Ahmad Saputra datang sesuai jadwal usia 13 bulan. Petugas memberikan pelayanan lanjutan untuk perlindungan terhadap beberapa penyakit dan memperbarui catatan pelayanan pada buku KIA. Orang tua diminta kembali pada jadwal berikutnya.,Imunisasi Bayi,Kesehatan Balita,0.49,Salah
Buku KIA milik Rian Wijaya diperiksa pada kunjungan hari ini. Petugas kemudian memberikan tindakan sesuai usia anak dan memperbarui catatan kelengkapannya. Jadwal berikutnya telah disampaikan kepada keluarga.,Imunisasi Bayi,Kesehatan Balita,0.45,Salah
"Kunjungan hari ini mencakup peninjauan kondisi dan perkembangan anak. Naufal Saputra, usia 20 bulan, menjalani penilaian kondisi umum, perkembangan sesuai usia, dan riwayat pelayanan sebelumnya. Hasil penilaian kondisi umum adalah Lengkap. Perkembangannya tercatat tidak tersedia, sedangkan catatan pelayanan sebelumnya adalah Polio 4. Keluarga juga menyampaikan riwayat berupa tidak tersedia. Petugas memberikan arahan tindak lanjut sesuai temuan.",Kesehatan Balita,Imunisasi Bayi,0.46,Salah
Buku KIA milik Citra Rahma diperiksa pada kunjungan hari ini. Petugas kemudian memberikan tindakan sesuai usia anak dan memperbarui catatan kelengkapannya. Jadwal berikutnya telah disampaikan kepada keluarga.,Imunisasi Bayi,Kesehatan Balita,0.33,Salah
"Bayi datang mengikuti jadwal pelayanan sesuai usianya. Bayi bernama Lestari Lestari, ID B664, berusia 3 bulan dan berjenis kelamin Perempuan. Pada kunjungan ini diberikan Campak. Catatan kelengkapan pelayanan anak adalah Belum Lengkap. Petugas menjelaskan jadwal pemberian berikutnya dan meminta orang tua mengamati kondisi bayi setelah pelayanan.",Imunisasi Bayi,Kesehatan Balita,0.49,Salah
"Petugas melakukan pencatatan beberapa aspek kondisi anak. Nabila Lestari, usia 24 bulan, menjalani penilaian kondisi umum, perkembangan sesuai usia, dan riwayat pelayanan sebelumnya. Hasil penilaian kondisi umum adalah Lengkap. Perkembangannya tercatat tidak tersedia, sedangkan catatan pelayanan sebelumnya adalah DPT-HB-Hib 3. Keluarga juga menyampaikan riwayat berupa tidak tersedia. Petugas memberikan arahan tindak lanjut sesuai temuan.",Kesehatan Balita,Imunisasi Bayi,0.47,Salah
Buku KIA milik Safira Lestari diperiksa pada kunjungan hari ini. Petugas kemudian memberikan tindakan sesuai usia anak dan memperbarui catatan kelengkapannya. Jadwal berikutnya telah disampaikan kepada keluarga.,Imunisasi Bayi,Kesehatan Balita,0.4,Salah
Perubahan kondisi fisik Lestari Permata kembali diamati pada kunjungan rutin. Angka yang diperoleh adalah 12.2 kg dan 84 cm. Petugas mencatat Pertumbuhan sesuai usia dan meminta keluarga datang kembali bulan depan.,Gizi Balita,Kesehatan Balita,0.45,Salah
Perubahan kondisi fisik Fikri Nugraha kembali diamati pada kunjungan rutin. Angka yang diperoleh adalah 8 kg dan 109.3 cm. Petugas mencatat Pertumbuhan sesuai usia dan meminta keluarga datang kembali bulan depan.,Gizi Balita,Kesehatan Balita,0.4,Salah
Buku KIA milik Farhan Wijaya diperiksa pada kunjungan hari ini. Petugas kemudian memberikan tindakan sesuai usia anak dan memperbarui catatan kelengkapannya. Jadwal berikutnya telah disampaikan kepada keluarga. Petugas juga menanyakan pola makan anak kepada orang tua.,Imunisasi Bayi,Gizi Balita,0.35,Salah
Perubahan kondisi fisik Zahra Rahma kembali diamati pada kunjungan rutin. Angka yang diperoleh adalah 15.3 kg dan 73 cm. Petugas mencatat Pertumbuhan sesuai usia dan meminta keluarga datang kembali bulan depan. Orang tua diingatkan mengikuti jadwal pelayanan lainnya.,Gizi Balita,Kesehatan Balita,0.5,Salah
Perubahan kondisi fisik Putri Lestari kembali diamati pada kunjungan rutin. Angka yang diperoleh adalah 17.7 kg dan 100.9 cm. Petugas mencatat Pertumbuhan sesuai usia dan meminta keluarga datang kembali bulan depan.,Gizi Balita,Kesehatan Balita,0.47,Salah
Pelayanan lanjutan untuk Rian Wijaya dilakukan berdasarkan riwayat yang tercatat Lengkap. Pada kunjungan ini anak menerima pelayanan lanjutan untuk perlindungan terhadap beberapa penyakit. Keluarga diberi penjelasan mengenai reaksi ringan yang mungkin muncul setelah tindakan.,Imunisasi Bayi,Kesehatan Balita,0.44,Salah
"Balita datang mengikuti kegiatan rutin di posyandu. Rafli Hidayat, usia 16 bulan, menjalani pengukuran fisik rutin. Angka pada timbangan tercatat Belum Lengkap kg dan panjang atau tinggi tubuh tercatat Perlu Tindakan cm. Hasil pencatatan petugas menunjukkan kondisi Perlu Intervensi. Terdapat keterangan tambahan berupa Batuk. Keluarga diminta memperhatikan asupan harian dan mengamati perubahan kondisi anak sampai jadwal kunjungan berikutnya.",Gizi Balita,Kesehatan Balita,0.47,Salah
Pelayanan lanjutan untuk Citra Lestari dilakukan berdasarkan riwayat yang tercatat Lengkap. Pada kunjungan ini anak menerima pelayanan lanjutan untuk perlindungan terhadap beberapa penyakit. Keluarga diberi penjelasan mengenai reaksi ringan yang mungkin muncul setelah tindakan.,Imunisasi Bayi,Kesehatan Balita,0.42,Salah
Perubahan kondisi fisik Ahmad Saputra kembali diamati pada kunjungan rutin. Angka yang diperoleh adalah 8.5 kg dan 97.7 cm. Petugas mencatat Pertumbuhan sesuai usia dan meminta keluarga datang kembali bulan depan.,Gizi Balita,Kesehatan Balita,0.38,Salah
Buku KIA milik Galang Pratama diperiksa pada kunjungan hari ini. Petugas kemudian memberikan tindakan sesuai usia anak dan memperbarui catatan kelengkapannya. Jadwal berikutnya telah disampaikan kepada keluarga.,Imunisasi Bayi,Kesehatan Balita,0.38,Salah
Perubahan kondisi fisik Iqbal Nugraha kembali diamati pada kunjungan rutin. Angka yang diperoleh adalah 8.2 kg dan 107.4 cm. Petugas mencatat Pertumbuhan sesuai usia dan meminta keluarga datang kembali bulan depan.,Gizi Balita,Kesehatan Balita,0.38,Salah
Pelayanan lanjutan untuk Aisyah Putri dilakukan berdasarkan riwayat yang tercatat Lengkap. Pada kunjungan ini anak menerima pelayanan lanjutan untuk perlindungan terhadap beberapa penyakit. Keluarga diberi penjelasan mengenai reaksi ringan yang mungkin muncul setelah tindakan.,Imunisasi Bayi,Kesehatan Balita,0.49,Salah
Citra Putri datang sesuai jadwal usia 12 bulan. Petugas memberikan pelayanan untuk perlindungan awal terhadap tuberkulosis dan memperbarui catatan pelayanan pada buku KIA. Orang tua diminta kembali pada jadwal berikutnya. Petugas juga menanyakan pola makan anak kepada orang tua.,Imunisasi Bayi,Kesehatan Balita,0.46,Salah
"Catatan kunjungan Cantika Rahmawati, usia 51 bulan: hasil pengukuran tubuh adalah Lengkap kg dan Sehat cm. Kondisi yang tercatat yaitu Normal. Orang tua diminta memperhatikan kebutuhan harian anak.",Gizi Balita,Kesehatan Balita,0.37,Salah
Buku KIA milik Rania Putri diperiksa pada kunjungan hari ini. Petugas kemudian memberikan tindakan sesuai usia anak dan memperbarui catatan kelengkapannya. Jadwal berikutnya telah disampaikan kepada keluarga.,Imunisasi Bayi,Kesehatan Balita,0.39,Salah
"Orang tua membawa anak untuk menjalani pelayanan rutin terpadu. Anak bernama Safira Permata, ID B011, berusia 2 bulan dan berjenis kelamin Perempuan. Kondisi umum anak tercatat Lengkap. Perkembangan anak tercatat tidak tersedia. Riwayat pelayanan pencegahan tercatat BCG. Riwayat penyakit yang dilaporkan adalah tidak tersedia. Petugas memberikan saran berdasarkan seluruh hasil pemeriksaan dan pencatatan tersebut. Petugas memberi perhatian khusus pada perkembangan anak.",Kesehatan Balita,Imunisasi Bayi,0.47,Salah
Buku KIA milik Salsa Putri diperiksa pada kunjungan hari ini. Petugas kemudian memberikan tindakan sesuai usia anak dan memperbarui catatan kelengkapannya. Jadwal berikutnya telah disampaikan kepada keluarga.,Imunisasi Bayi,Kesehatan Balita,0.45,Salah
Buku KIA milik Farhan Wijaya diperiksa pada kunjungan hari ini. Petugas kemudian memberikan tindakan sesuai usia anak dan memperbarui catatan kelengkapannya. Jadwal berikutnya telah disampaikan kepada keluarga.,Imunisasi Bayi,Kesehatan Balita,0.38,Salah
Buku KIA milik Safira Putri diperiksa pada kunjungan hari ini. Petugas kemudian memberikan tindakan sesuai usia anak dan memperbarui catatan kelengkapannya. Jadwal berikutnya telah disampaikan kepada keluarga.,Imunisasi Bayi,Kesehatan Balita,0.37,Salah
Buku KIA milik Farhan Saputra diperiksa pada kunjungan hari ini. Petugas kemudian memberikan tindakan sesuai usia anak dan memperbarui catatan kelengkapannya. Jadwal berikutnya telah disampaikan kepada keluarga.,Imunisasi Bayi,Kesehatan Balita,0.38,Salah
Salsa Permata datang sesuai jadwal usia 11 bulan. Petugas memberikan pelayanan lanjutan untuk perlindungan terhadap beberapa penyakit dan memperbarui catatan pelayanan pada buku KIA. Orang tua diminta kembali pada jadwal berikutnya.,Imunisasi Bayi,Kesehatan Balita,0.38,Salah
Pelayanan lanjutan untuk Reza Saputra dilakukan berdasarkan riwayat yang tercatat Lengkap. Pada kunjungan ini anak menerima pelayanan lanjutan untuk perlindungan terhadap beberapa penyakit. Keluarga diberi penjelasan mengenai reaksi ringan yang mungkin muncul setelah tindakan.,Imunisasi Bayi,Kesehatan Balita,0.42,Salah
Kayla Lestari datang sesuai jadwal usia 2 bulan. Petugas memberikan pelayanan lanjutan untuk perlindungan terhadap beberapa penyakit dan memperbarui catatan pelayanan pada buku KIA. Orang tua diminta kembali pada jadwal berikutnya.,Imunisasi Bayi,Kesehatan Balita,0.45,Salah
"Balita mengikuti kunjungan rutin untuk penilaian menyeluruh. Anak bernama Aldi Setiawan, ID B1620, berusia 16 bulan dan berjenis kelamin Laki-laki. Kondisi umum anak tercatat Sehat. Perkembangan anak tercatat Normal. Riwayat pelayanan pencegahan tercatat Belum Lengkap. Riwayat penyakit yang dilaporkan adalah ISPA. Petugas memberikan saran berdasarkan seluruh hasil pemeriksaan dan pencatatan tersebut. Catatan pelayanan sebelumnya menjadi bagian dari penilaian.",Kesehatan Balita,Imunisasi Bayi,0.47,Salah
Perubahan kondisi fisik Fikri Saputra kembali diamati pada kunjungan rutin. Angka yang diperoleh adalah 10.4 kg dan 71.6 cm. Petugas mencatat Pertumbuhan sesuai usia dan meminta keluarga datang kembali bulan depan.,Gizi Balita,Kesehatan Balita,0.38,Salah
"Petugas menerima kunjungan bayi untuk pelayanan lanjutan. Farhan Pratama, usia 5 bulan, memperoleh tindakan HB-0 sesuai catatan jadwal pelayanan anak. Riwayat pemberian sebelumnya tercatat Lengkap. Orang tua diminta kembali sesuai jadwal pada buku KIA serta mengamati kemungkinan reaksi setelah tindakan. Petugas juga menanyakan pola makan anak kepada orang tua.",Imunisasi Bayi,Kesehatan Balita,0.46,Salah
Putri Rahma datang sesuai jadwal usia 9 bulan. Petugas memberikan pelayanan lanjutan untuk perlindungan terhadap beberapa penyakit dan memperbarui catatan pelayanan pada buku KIA. Orang tua diminta kembali pada jadwal berikutnya.,Imunisasi Bayi,Kesehatan Balita,0.39,Salah
Buku KIA milik Bagas Kurniawan diperiksa pada kunjungan hari ini. Petugas kemudian memberikan tindakan sesuai usia anak dan memperbarui catatan kelengkapannya. Jadwal berikutnya telah disampaikan kepada keluarga. Orang tua turut berkonsultasi mengenai pertumbuhan anak.,Imunisasi Bayi,Kesehatan Balita,0.44,Salah
Buku KIA milik Melati Putri diperiksa pada kunjungan hari ini. Petugas kemudian memberikan tindakan sesuai usia anak dan memperbarui catatan kelengkapannya. Jadwal berikutnya telah disampaikan kepada keluarga.,Imunisasi Bayi,Kesehatan Balita,0.39,Salah
Pelayanan lanjutan untuk Alya Sari dilakukan berdasarkan riwayat yang tercatat Belum Lengkap. Pada kunjungan ini anak menerima pelayanan untuk perlindungan awal terhadap tuberkulosis. Keluarga diberi penjelasan mengenai reaksi ringan yang mungkin muncul setelah tindakan. Petugas juga menanyakan pola makan anak kepada orang tua.,Imunisasi Bayi,Kesehatan Balita,0.41,Salah
Rania Lestari datang sesuai jadwal usia 15 bulan. Petugas memberikan pelayanan lanjutan untuk perlindungan terhadap beberapa penyakit dan memperbarui catatan pelayanan pada buku KIA. Orang tua diminta kembali pada jadwal berikutnya.,Imunisasi Bayi,Kesehatan Balita,0.44,Salah
"Petugas menerima kunjungan bayi untuk pelayanan lanjutan. Bayi bernama Syifa Lestari, ID B1555, berusia 3 bulan dan berjenis kelamin Perempuan. Pada kunjungan ini diberikan HB-0. Catatan kelengkapan pelayanan anak adalah Belum Lengkap. Petugas menjelaskan jadwal pemberian berikutnya dan meminta orang tua mengamati kondisi bayi setelah pelayanan.",Imunisasi Bayi,Kesehatan Balita,0.43,Salah
"Kunjungan dilakukan untuk melihat perubahan kondisi anak. Anak bernama Zahra Oktavia, ID B073, berusia 5 bulan dan berjenis kelamin Perempuan. Hasil penimbangan menunjukkan berat badan Lengkap kg, sedangkan hasil pengukuran tinggi badan adalah Perlu Tindakan cm. Berdasarkan hasil pengukuran tersebut, kondisi anak tercatat sebagai Normal. Catatan petugas: Alergi. Orang tua dianjurkan memperhatikan pola makan anak dan melakukan pengukuran kembali pada kunjungan berikutnya.",Gizi Balita,Kesehatan Balita,0.49,Salah
Perubahan kondisi fisik Aisyah Putri kembali diamati pada kunjungan rutin. Angka yang diperoleh adalah 13.4 kg dan 102.4 cm. Petugas mencatat Pertumbuhan sesuai usia dan meminta keluarga datang kembali bulan depan.,Gizi Balita,Kesehatan Balita,0.39,Salah
Buku KIA milik Melati Rahma diperiksa pada kunjungan hari ini. Petugas kemudian memberikan tindakan sesuai usia anak dan memperbarui catatan kelengkapannya. Jadwal berikutnya telah disampaikan kepada keluarga. Orang tua turut berkonsultasi mengenai pertumbuhan anak.,Imunisasi Bayi,Kesehatan Balita,0.41,Salah
Perubahan kondisi fisik Zahra Permata kembali diamati pada kunjungan rutin. Angka yang diperoleh adalah 6.3 kg dan 64.4 cm. Petugas mencatat Perlu penanganan segera dan meminta keluarga datang kembali bulan depan.,Gizi Balita,Kesehatan Balita,0.44,Salah
"Orang tua membawa bayi sesuai jadwal pada buku KIA. Bayi bernama Dimas Kurniawan, ID B075, berusia 50 bulan dan berjenis kelamin Laki-laki. Pada kunjungan ini diberikan 16.5. Catatan kelengkapan pelayanan anak adalah Pertumbuhan sesuai usia. Petugas menjelaskan jadwal pemberian berikutnya dan meminta orang tua mengamati kondisi bayi setelah pelayanan.",Imunisasi Bayi,Kesehatan Balita,0.48,Salah
Buku KIA milik Iqbal Wijaya diperiksa pada kunjungan hari ini. Petugas kemudian memberikan tindakan sesuai usia anak dan memperbarui catatan kelengkapannya. Jadwal berikutnya telah disampaikan kepada keluarga.,Imunisasi Bayi,Kesehatan Balita,0.38,Salah
"Kunjungan dilakukan untuk melanjutkan pelayanan pencegahan. Bayi bernama Syifa Permata, ID B032, berusia 41 bulan dan berjenis kelamin Perempuan. Pada kunjungan ini diberikan 15.5. Catatan kelengkapan pelayanan anak adalah Pertumbuhan sesuai usia. Petugas menjelaskan jadwal pemberian berikutnya dan meminta orang tua mengamati kondisi bayi setelah pelayanan.",Imunisasi Bayi,Kesehatan Balita,0.42,Salah
Bagas Nugraha datang sesuai jadwal usia 11 bulan. Petugas memberikan tindakan pencegahan sesuai jadwal usia dan memperbarui catatan pelayanan pada buku KIA. Orang tua diminta kembali pada jadwal berikutnya.,Imunisasi Bayi,Kesehatan Balita,0.37,Salah
Dimas Nugraha datang sesuai jadwal usia 4 bulan. Petugas memberikan tindakan pencegahan sesuai jadwal usia dan memperbarui catatan pelayanan pada buku KIA. Orang tua diminta kembali pada jadwal berikutnya. Petugas juga menanyakan pola makan anak kepada orang tua.,Imunisasi Bayi,Kesehatan Balita,0.44,Salah
Perubahan kondisi fisik Fikri Pratama kembali diamati pada kunjungan rutin. Angka yang diperoleh adalah 12.3 kg dan 72.6 cm. Petugas mencatat Pertumbuhan sesuai usia dan meminta keluarga datang kembali bulan depan.,Gizi Balita,Kesehatan Balita,0.39,Salah
Buku KIA milik Arga Wijaya diperiksa pada kunjungan hari ini. Petugas kemudian memberikan tindakan sesuai usia anak dan memperbarui catatan kelengkapannya. Jadwal berikutnya telah disampaikan kepada keluarga.,Imunisasi Bayi,Kesehatan Balita,0.39,Salah
"Bayi datang mengikuti jadwal pelayanan sesuai usianya. Bayi bernama Syifa Permata, ID B574, berusia 10 bulan dan berjenis kelamin Perempuan. Pada kunjungan ini diberikan Campak. Catatan kelengkapan pelayanan anak adalah Lengkap. Petugas menjelaskan jadwal pemberian berikutnya dan meminta orang tua mengamati kondisi bayi setelah pelayanan.",Imunisasi Bayi,Kesehatan Balita,0.43,Salah
"Orang tua membawa bayi sesuai jadwal pada buku KIA. Bayi bernama Alif Kurniawan, ID B205, berusia 15 bulan dan berjenis kelamin Laki-laki. Pada kunjungan ini diberikan HB-0. Catatan kelengkapan pelayanan anak adalah Lengkap. Petugas menjelaskan jadwal pemberian berikutnya dan meminta orang tua mengamati kondisi bayi setelah pelayanan. Petugas juga menanyakan pola makan anak kepada orang tua.",Imunisasi Bayi,Gizi Balita,0.4,Salah
Buku KIA milik Galang Nugraha diperiksa pada kunjungan hari ini. Petugas kemudian memberikan tindakan sesuai usia anak dan memperbarui catatan kelengkapannya. Jadwal berikutnya telah disampaikan kepada keluarga.,Imunisasi Bayi,Kesehatan Balita,0.45,Salah
"Orang tua membawa bayi sesuai jadwal pada buku KIA. Bayi bernama Iqbal Pratama, ID B1973, berusia 6 bulan dan berjenis kelamin Laki-laki. Pada kunjungan ini diberikan Campak. Catatan kelengkapan pelayanan anak adalah Lengkap. Petugas menjelaskan jadwal pemberian berikutnya dan meminta orang tua mengamati kondisi bayi setelah pelayanan. Petugas juga menanyakan pola makan anak kepada orang tua.",Imunisasi Bayi,Gizi Balita,0.39,Salah
Pelayanan lanjutan untuk Kayla Permata dilakukan berdasarkan riwayat yang tercatat Belum Lengkap. Pada kunjungan ini anak menerima pelayanan untuk perlindungan awal terhadap tuberkulosis. Keluarga diberi penjelasan mengenai reaksi ringan yang mungkin muncul setelah tindakan. Petugas juga menanyakan pola makan anak kepada orang tua.,Imunisasi Bayi,Kesehatan Balita,0.44,Salah
"Petugas mencatat hasil kunjungan bulanan seorang balita. Nabila Lestari, usia 25 bulan, menjalani pengukuran fisik rutin. Angka pada timbangan tercatat Lengkap kg dan panjang atau tinggi tubuh tercatat Pemantauan cm. Hasil pencatatan petugas menunjukkan kondisi Pemantauan. Terdapat keterangan tambahan berupa Alergi. Keluarga diminta memperhatikan asupan harian dan mengamati perubahan kondisi anak sampai jadwal kunjungan berikutnya. Buku KIA juga diperiksa secara singkat oleh petugas.",Gizi Balita,Kesehatan Balita,0.5,Salah
Pelayanan lanjutan untuk Rahma Lestari dilakukan berdasarkan riwayat yang tercatat Lengkap. Pada kunjungan ini anak menerima pelayanan lanjutan untuk perlindungan terhadap beberapa penyakit. Keluarga diberi penjelasan mengenai reaksi ringan yang mungkin muncul setelah tindakan.,Imunisasi Bayi,Kesehatan Balita,0.43,Salah
Buku KIA milik Rizky Wijaya diperiksa pada kunjungan hari ini. Petugas kemudian memberikan tindakan sesuai usia anak dan memperbarui catatan kelengkapannya. Jadwal berikutnya telah disampaikan kepada keluarga.,Imunisasi Bayi,Kesehatan Balita,0.37,Salah
"Pada kunjungan bulan ini, Muhammad Saputra memiliki hasil pengukuran Lengkap kg dan Perlu Tindakan cm. Petugas mencatat kondisi Normal serta memberikan arahan kepada keluarga untuk melakukan pemantauan ulang.",Gizi Balita,Kesehatan Balita,0.45,Salah
"Petugas mencatat hasil kunjungan bulanan seorang balita. Nabila Kartika, usia 15 bulan, menjalani pengukuran fisik rutin. Angka pada timbangan tercatat Lengkap kg dan panjang atau tinggi tubuh tercatat Perlu Tindakan cm. Hasil pencatatan petugas menunjukkan kondisi Perlu Intervensi. Terdapat keterangan tambahan berupa Asma. Keluarga diminta memperhatikan asupan harian dan mengamati perubahan kondisi anak sampai jadwal kunjungan berikutnya.",Gizi Balita,Kesehatan Balita,0.46,Salah
Perubahan kondisi fisik Melati Lestari kembali diamati pada kunjungan rutin. Angka yang diperoleh adalah 9.5 kg dan 89.6 cm. Petugas mencatat Perlu pemantauan gizi dan meminta keluarga datang kembali bulan depan.,Gizi Balita,Kesehatan Balita,0.39,Salah
Rafif Wijaya datang sesuai jadwal usia 53 bulan. Petugas memberikan tindakan pencegahan sesuai jadwal usia dan memperbarui catatan pelayanan pada buku KIA. Orang tua diminta kembali pada jadwal berikutnya. Kondisi fisik anak diamati sebelum tindakan diberikan.,Imunisasi Bayi,Kesehatan Balita,0.47,Salah
Pelayanan lanjutan untuk Melati Sari dilakukan berdasarkan riwayat yang tercatat Lengkap. Pada kunjungan ini anak menerima pelayanan lanjutan untuk perlindungan terhadap beberapa penyakit. Keluarga diberi penjelasan mengenai reaksi ringan yang mungkin muncul setelah tindakan.,Imunisasi Bayi,Kesehatan Balita,0.42,Salah
Dimas Pratama datang sesuai jadwal usia 4 bulan. Petugas memberikan pelayanan lanjutan untuk perlindungan terhadap beberapa penyakit dan memperbarui catatan pelayanan pada buku KIA. Orang tua diminta kembali pada jadwal berikutnya.,Imunisasi Bayi,Kesehatan Balita,0.46,Salah
Zahra Permata datang sesuai jadwal usia 16 bulan. Petugas memberikan pelayanan lanjutan untuk perlindungan terhadap beberapa penyakit dan memperbarui catatan pelayanan pada buku KIA. Orang tua diminta kembali pada jadwal berikutnya.,Imunisasi Bayi,Kesehatan Balita,0.38,Salah
"Orang tua membawa bayi sesuai jadwal pada buku KIA. Bayi bernama Fahri Wijaya, ID B050, berusia 60 bulan dan berjenis kelamin Laki-laki. Pada kunjungan ini diberikan 12.2. Catatan kelengkapan pelayanan anak adalah Pertumbuhan sesuai usia. Petugas menjelaskan jadwal pemberian berikutnya dan meminta orang tua mengamati kondisi bayi setelah pelayanan.",Imunisasi Bayi,Kesehatan Balita,0.42,Salah
"Bayi datang mengikuti jadwal pelayanan sesuai usianya. Bayi bernama Putri Sari, ID B1142, berusia 10 bulan dan berjenis kelamin Perempuan. Pada kunjungan ini diberikan HB-0. Catatan kelengkapan pelayanan anak adalah Lengkap. Petugas menjelaskan jadwal pemberian berikutnya dan meminta orang tua mengamati kondisi bayi setelah pelayanan.",Imunisasi Bayi,Kesehatan Balita,0.42,Salah
"Bayi datang mengikuti jadwal pelayanan sesuai usianya. Bayi bernama Zahra Lestari, ID B066, berusia 34 bulan dan berjenis kelamin Perempuan. Pada kunjungan ini diberikan 10.4. Catatan kelengkapan pelayanan anak adalah Pertumbuhan sesuai usia. Petugas menjelaskan jadwal pemberian berikutnya dan meminta orang tua mengamati kondisi bayi setelah pelayanan.",Imunisasi Bayi,Kesehatan Balita,0.44,Salah
Nabila Lestari datang sesuai jadwal usia 11 bulan. Petugas memberikan pelayanan untuk perlindungan awal terhadap tuberkulosis dan memperbarui catatan pelayanan pada buku KIA. Orang tua diminta kembali pada jadwal berikutnya.,Imunisasi Bayi,Kesehatan Balita,0.4,Salah
Pelayanan lanjutan untuk Daffa Pratama dilakukan berdasarkan riwayat yang tercatat Belum Lengkap. Pada kunjungan ini anak menerima pelayanan untuk perlindungan awal terhadap tuberkulosis. Keluarga diberi penjelasan mengenai reaksi ringan yang mungkin muncul setelah tindakan.,Imunisasi Bayi,Kesehatan Balita,0.47,Salah
"Pada kunjungan bulan ini, Dimas Hidayat memiliki hasil pengukuran Lengkap kg dan Sehat cm. Petugas mencatat kondisi Pemantauan serta memberikan arahan kepada keluarga untuk melakukan pemantauan ulang.",Gizi Balita,Kesehatan Balita,0.36,Salah
Perubahan kondisi fisik Alya Permata kembali diamati pada kunjungan rutin. Angka yang diperoleh adalah 4.7 kg dan 77 cm. Petugas mencatat Perlu penanganan segera dan meminta keluarga datang kembali bulan depan.,Gizi Balita,Kesehatan Balita,0.4,Salah
"Balita datang mengikuti kegiatan rutin di posyandu. Reza Saputra, usia 51 bulan, menjalani pengukuran fisik rutin. Angka pada timbangan tercatat Belum Lengkap kg dan panjang atau tinggi tubuh tercatat Sehat cm. Hasil pencatatan petugas menunjukkan kondisi Perlu Intervensi. Terdapat keterangan tambahan berupa Diare. Keluarga diminta memperhatikan asupan harian dan mengamati perubahan kondisi anak sampai jadwal kunjungan berikutnya.",Gizi Balita,Kesehatan Balita,0.45,Salah
Buku KIA milik Alif Nugraha diperiksa pada kunjungan hari ini. Petugas kemudian memberikan tindakan sesuai usia anak dan memperbarui catatan kelengkapannya. Jadwal berikutnya telah disampaikan kepada keluarga.,Imunisasi Bayi,Kesehatan Balita,0.38,Salah
"Petugas menerima kunjungan bayi untuk pelayanan lanjutan. Bayi bernama Nabila Lestari, ID B006, berusia 6 bulan dan berjenis kelamin Perempuan. Pada kunjungan ini diberikan Campak. Catatan kelengkapan pelayanan anak adalah Lengkap. Petugas menjelaskan jadwal pemberian berikutnya dan meminta orang tua mengamati kondisi bayi setelah pelayanan. Orang tua turut berkonsultasi mengenai pertumbuhan anak.",Imunisasi Bayi,Kesehatan Balita,0.47,Salah
Rania Rahma datang sesuai jadwal usia 12 bulan. Petugas memberikan pelayanan untuk perlindungan awal terhadap tuberkulosis dan memperbarui catatan pelayanan pada buku KIA. Orang tua diminta kembali pada jadwal berikutnya. Kondisi fisik anak diamati sebelum tindakan diberikan.,Imunisasi Bayi,Kesehatan Balita,0.43,Salah
"Bayi datang mengikuti jadwal pelayanan sesuai usianya. Bayi bernama Nayla Sari, ID B1377, berusia 10 bulan dan berjenis kelamin Perempuan. Pada kunjungan ini diberikan Campak. Catatan kelengkapan pelayanan anak adalah Belum Lengkap. Petugas menjelaskan jadwal pemberian berikutnya dan meminta orang tua mengamati kondisi bayi setelah pelayanan.",Imunisasi Bayi,Kesehatan Balita,0.41,Salah
Buku KIA milik Reza Wijaya diperiksa pada kunjungan hari ini. Petugas kemudian memberikan tindakan sesuai usia anak dan memperbarui catatan kelengkapannya. Jadwal berikutnya telah disampaikan kepada keluarga.,Imunisasi Bayi,Kesehatan Balita,0.43,Salah
Buku KIA milik Fikri Wijaya diperiksa pada kunjungan hari ini. Petugas kemudian memberikan tindakan sesuai usia anak dan memperbarui catatan kelengkapannya. Jadwal berikutnya telah disampaikan kepada keluarga.,Imunisasi Bayi,Kesehatan Balita,0.4,Salah
"Petugas menerima kunjungan bayi untuk pelayanan lanjutan. Bayi bernama Ahmad Saputra, ID B1918, berusia 18 bulan dan berjenis kelamin Laki-laki. Pada kunjungan ini diberikan Campak. Catatan kelengkapan pelayanan anak adalah Lengkap. Petugas menjelaskan jadwal pemberian berikutnya dan meminta orang tua mengamati kondisi bayi setelah pelayanan.",Imunisasi Bayi,Kesehatan Balita,0.45,Salah
Perubahan kondisi fisik Rahma Sari kembali diamati pada kunjungan rutin. Angka yang diperoleh adalah 16.4 kg dan 70.9 cm. Petugas mencatat Pertumbuhan sesuai usia dan meminta keluarga datang kembali bulan depan.,Gizi Balita,Kesehatan Balita,0.38,Salah
"Kunjungan hari ini mencakup peninjauan kondisi dan perkembangan anak. Anak bernama Farhan Kurniawan, ID B055, berusia 3 bulan dan berjenis kelamin Laki-laki. Kondisi umum anak tercatat Lengkap. Perkembangan anak tercatat tidak tersedia. Riwayat pelayanan pencegahan tercatat Polio 1. Riwayat penyakit yang dilaporkan adalah tidak tersedia. Petugas memberikan saran berdasarkan seluruh hasil pemeriksaan dan pencatatan tersebut.",Kesehatan Balita,Imunisasi Bayi,0.46,Salah
Perubahan kondisi fisik Rania Putri kembali diamati pada kunjungan rutin. Angka yang diperoleh adalah 9.4 kg dan 95.5 cm. Petugas mencatat Pertumbuhan sesuai usia dan meminta keluarga datang kembali bulan depan.,Gizi Balita,Kesehatan Balita,0.4,Salah
Pelayanan lanjutan untuk Lestari Sari dilakukan berdasarkan riwayat yang tercatat Lengkap. Pada kunjungan ini anak menerima pelayanan untuk perlindungan awal terhadap tuberkulosis. Keluarga diberi penjelasan mengenai reaksi ringan yang mungkin muncul setelah tindakan.,Imunisasi Bayi,Kesehatan Balita,0.5,Salah
Melati Rahma datang sesuai jadwal usia 18 bulan. Petugas memberikan pelayanan lanjutan untuk perlindungan terhadap beberapa penyakit dan memperbarui catatan pelayanan pada buku KIA. Orang tua diminta kembali pada jadwal berikutnya.,Imunisasi Bayi,Kesehatan Balita,0.4,Salah
Buku KIA milik Ahmad Nugraha diperiksa pada kunjungan hari ini. Petugas kemudian memberikan tindakan sesuai usia anak dan memperbarui catatan kelengkapannya. Jadwal berikutnya telah disampaikan kepada keluarga.,Imunisasi Bayi,Kesehatan Balita,0.41,Salah
"Orang tua membawa bayi sesuai jadwal pada buku KIA. Bayi bernama Rafif Nugraha, ID B168, berusia 20 bulan dan berjenis kelamin Laki-laki. Pada kunjungan ini diberikan HB-0. Catatan kelengkapan pelayanan anak adalah Lengkap. Petugas menjelaskan jadwal pemberian berikutnya dan meminta orang tua mengamati kondisi bayi setelah pelayanan. Orang tua turut berkonsultasi mengenai pertumbuhan anak.",Imunisasi Bayi,Kesehatan Balita,0.46,Salah
Perubahan kondisi fisik Citra Putri kembali diamati pada kunjungan rutin. Angka yang diperoleh adalah 9 kg dan 86.2 cm. Petugas mencatat Pertumbuhan sesuai usia dan meminta keluarga datang kembali bulan depan.,Gizi Balita,Kesehatan Balita,0.44,Salah
Buku KIA milik Kayla Putri diperiksa pada kunjungan hari ini. Petugas kemudian memberikan tindakan sesuai usia anak dan memperbarui catatan kelengkapannya. Jadwal berikutnya telah disampaikan kepada keluarga.,Imunisasi Bayi,Kesehatan Balita,0.44,Salah
Rahma Lestari datang sesuai jadwal usia 11 bulan. Petugas memberikan tindakan pencegahan sesuai jadwal usia dan memperbarui catatan pelayanan pada buku KIA. Orang tua diminta kembali pada jadwal berikutnya. Petugas juga menanyakan pola makan anak kepada orang tua.,Imunisasi Bayi,Kesehatan Balita,0.43,Salah
"Bayi datang mengikuti jadwal pelayanan sesuai usianya. Aqila Rahma, usia 4 bulan, memperoleh tindakan 9.5 sesuai catatan jadwal pelayanan anak. Riwayat pemberian sebelumnya tercatat Perlu pemantauan gizi. Orang tua diminta kembali sesuai jadwal pada buku KIA serta mengamati kemungkinan reaksi setelah tindakan.",Imunisasi Bayi,Gizi Balita,0.36,Salah
"Petugas menerima kunjungan bayi untuk pelayanan lanjutan. Bayi bernama Nayla Rahma, ID B627, berusia 6 bulan dan berjenis kelamin Perempuan. Pada kunjungan ini diberikan Campak. Catatan kelengkapan pelayanan anak adalah Lengkap. Petugas menjelaskan jadwal pemberian berikutnya dan meminta orang tua mengamati kondisi bayi setelah pelayanan.",Imunisasi Bayi,Kesehatan Balita,0.41,Salah
Alif Kurniawan datang sesuai jadwal usia 24 bulan. Petugas memberikan pelayanan untuk perlindungan awal terhadap tuberkulosis dan memperbarui catatan pelayanan pada buku KIA. Orang tua diminta kembali pada jadwal berikutnya.,Imunisasi Bayi,Kesehatan Balita,0.38,Salah
Perubahan kondisi fisik Zahra Putri kembali diamati pada kunjungan rutin. Angka yang diperoleh adalah Lengkap kg dan Sehat cm. Petugas mencatat Cacar Air dan meminta keluarga datang kembali bulan depan. Orang tua diingatkan mengikuti jadwal pelayanan lainnya.,Gizi Balita,Kesehatan Balita,0.41,Salah
"Catatan kunjungan Azzahra Wulandari, usia 28 bulan: hasil pengukuran tubuh adalah Belum Lengkap kg dan Sehat cm. Kondisi yang tercatat yaitu Pemantauan. Orang tua diminta memperhatikan kebutuhan harian anak. Catatan pelayanan anak sebelumnya turut diperiksa.",Gizi Balita,Kesehatan Balita,0.41,Salah
Perubahan kondisi fisik Syifa Rahma kembali diamati pada kunjungan rutin. Angka yang diperoleh adalah 15.7 kg dan 91.2 cm. Petugas mencatat Pertumbuhan sesuai usia dan meminta keluarga datang kembali bulan depan.,Gizi Balita,Kesehatan Balita,0.38,Salah
"Balita mengikuti kunjungan rutin untuk penilaian menyeluruh. Azka Pratama, usia 15 bulan, menjalani penilaian kondisi umum, perkembangan sesuai usia, dan riwayat pelayanan sebelumnya. Hasil penilaian kondisi umum adalah Lengkap. Perkembangannya tercatat tidak tersedia, sedangkan catatan pelayanan sebelumnya adalah DPT-HB-Hib 2. Keluarga juga menyampaikan riwayat berupa tidak tersedia. Petugas memberikan arahan tindak lanjut sesuai temuan.",Kesehatan Balita,Imunisasi Bayi,0.45,Salah
Indah Sari datang sesuai jadwal usia 11 bulan. Petugas memberikan pelayanan lanjutan untuk perlindungan terhadap beberapa penyakit dan memperbarui catatan pelayanan pada buku KIA. Orang tua diminta kembali pada jadwal berikutnya.,Imunisasi Bayi,Kesehatan Balita,0.38,Salah
Perubahan kondisi fisik Rahma Permata kembali diamati pada kunjungan rutin. Angka yang diperoleh adalah 11.3 kg dan 69.1 cm. Petugas mencatat Perlu pemantauan gizi dan meminta keluarga datang kembali bulan depan.,Gizi Balita,Kesehatan Balita,0.46,Salah
Pelayanan lanjutan untuk Citra Sari dilakukan berdasarkan riwayat yang tercatat Lengkap. Pada kunjungan ini anak menerima pelayanan untuk perlindungan awal terhadap tuberkulosis. Keluarga diberi penjelasan mengenai reaksi ringan yang mungkin muncul setelah tindakan.,Imunisasi Bayi,Kesehatan Balita,0.37,Salah
Dimas Saputra datang sesuai jadwal usia 19 bulan. Petugas memberikan pelayanan lanjutan untuk perlindungan terhadap beberapa penyakit dan memperbarui catatan pelayanan pada buku KIA. Orang tua diminta kembali pada jadwal berikutnya.,Imunisasi Bayi,Kesehatan Balita,0.48,Salah
"Petugas menerima kunjungan bayi untuk pelayanan lanjutan. Bayi bernama Rian Saputra, ID B944, berusia 6 bulan dan berjenis kelamin Laki-laki. Pada kunjungan ini diberikan Campak. Catatan kelengkapan pelayanan anak adalah Belum Lengkap. Petugas menjelaskan jadwal pemberian berikutnya dan meminta orang tua mengamati kondisi bayi setelah pelayanan.",Imunisasi Bayi,Kesehatan Balita,0.41,Salah
Perubahan kondisi fisik Rafif Kurniawan kembali diamati pada kunjungan rutin. Angka yang diperoleh adalah 9.2 kg dan 99.4 cm. Petugas mencatat Perlu pemantauan gizi dan meminta keluarga datang kembali bulan depan.,Gizi Balita,Kesehatan Balita,0.39,Salah
"Balita datang mengikuti kegiatan rutin di posyandu. Humaira Rahmawati, usia 20 bulan, menjalani pengukuran fisik rutin. Angka pada timbangan tercatat Tidak Lengkap kg dan panjang atau tinggi tubuh tercatat Perlu Tindakan cm. Hasil pencatatan petugas menunjukkan kondisi Perlu Intervensi. Terdapat keterangan tambahan berupa Flu. Keluarga diminta memperhatikan asupan harian dan mengamati perubahan kondisi anak sampai jadwal kunjungan berikutnya.",Gizi Balita,Kesehatan Balita,0.49,Salah
Perubahan kondisi fisik Alya Lestari kembali diamati pada kunjungan rutin. Angka yang diperoleh adalah 9 kg dan 94.2 cm. Petugas mencatat Perlu penanganan segera dan meminta keluarga datang kembali bulan depan.,Gizi Balita,Kesehatan Balita,0.41,Salah
Alif Pratama datang sesuai jadwal usia 3 bulan. Petugas memberikan pelayanan lanjutan untuk perlindungan terhadap beberapa penyakit dan memperbarui catatan pelayanan pada buku KIA. Orang tua diminta kembali pada jadwal berikutnya. Petugas juga menanyakan pola makan anak kepada orang tua.,Imunisasi Bayi,Kesehatan Balita,0.43,Salah
"Orang tua membawa bayi sesuai jadwal pada buku KIA. Bayi bernama Alif Wijaya, ID B1692, berusia 1 bulan dan berjenis kelamin Laki-laki. Pada kunjungan ini diberikan HB-0. Catatan kelengkapan pelayanan anak adalah Lengkap. Petugas menjelaskan jadwal pemberian berikutnya dan meminta orang tua mengamati kondisi bayi setelah pelayanan.",Imunisasi Bayi,Kesehatan Balita,0.43,Salah
Perubahan kondisi fisik Rania Permata kembali diamati pada kunjungan rutin. Angka yang diperoleh adalah 11 kg dan 109.3 cm. Petugas mencatat Pertumbuhan sesuai usia dan meminta keluarga datang kembali bulan depan.,Gizi Balita,Kesehatan Balita,0.45,Salah
"Orang tua membawa anak untuk menjalani pelayanan rutin terpadu. Anak bernama Adit Nugraha, ID B031, berusia 17 bulan dan berjenis kelamin Laki-laki. Kondisi umum anak tercatat Lengkap. Perkembangan anak tercatat tidak tersedia. Riwayat pelayanan pencegahan tercatat Polio 2. Riwayat penyakit yang dilaporkan adalah tidak tersedia. Petugas memberikan saran berdasarkan seluruh hasil pemeriksaan dan pencatatan tersebut.",Kesehatan Balita,Imunisasi Bayi,0.44,Salah
Pelayanan lanjutan untuk Fahri Pratama dilakukan berdasarkan riwayat yang tercatat Belum Lengkap. Pada kunjungan ini anak menerima pelayanan untuk perlindungan awal terhadap tuberkulosis. Keluarga diberi penjelasan mengenai reaksi ringan yang mungkin muncul setelah tindakan.,Imunisasi Bayi,Kesehatan Balita,0.44,Salah
"Balita datang mengikuti kegiatan rutin di posyandu. Ahmad Firmansyah, usia 47 bulan, menjalani pengukuran fisik rutin. Angka pada timbangan tercatat Belum Lengkap kg dan panjang atau tinggi tubuh tercatat Sehat cm. Hasil pencatatan petugas menunjukkan kondisi Perlu Intervensi. Terdapat keterangan tambahan berupa Diare. Keluarga diminta memperhatikan asupan harian dan mengamati perubahan kondisi anak sampai jadwal kunjungan berikutnya.",Gizi Balita,Kesehatan Balita,0.46,Salah
Pelayanan lanjutan untuk Reza Nugraha dilakukan berdasarkan riwayat yang tercatat Lengkap. Pada kunjungan ini anak menerima pelayanan untuk perlindungan awal terhadap tuberkulosis. Keluarga diberi penjelasan mengenai reaksi ringan yang mungkin muncul setelah tindakan.,Imunisasi Bayi,Kesehatan Balita,0.44,Salah
Perubahan kondisi fisik Siti Salsabila kembali diamati pada kunjungan rutin. Angka yang diperoleh adalah Tidak Lengkap kg dan Pemantauan cm. Petugas mencatat Cacar Air dan meminta keluarga datang kembali bulan depan. Orang tua diingatkan mengikuti jadwal pelayanan lainnya.,Gizi Balita,Kesehatan Balita,0.44,Salah
Perubahan kondisi fisik Rahma Lestari kembali diamati pada kunjungan rutin. Angka yang diperoleh adalah 13.2 kg dan 94.8 cm. Petugas mencatat Pertumbuhan sesuai usia dan meminta keluarga datang kembali bulan depan.,Gizi Balita,Kesehatan Balita,0.37,Salah
"Orang tua membawa bayi sesuai jadwal pada buku KIA. Reza Kurniawan, usia 7 bulan, memperoleh tindakan 8.7 sesuai catatan jadwal pelayanan anak. Riwayat pemberian sebelumnya tercatat Perlu pemantauan gizi. Orang tua diminta kembali sesuai jadwal pada buku KIA serta mengamati kemungkinan reaksi setelah tindakan.",Imunisasi Bayi,Kesehatan Balita,0.43,Salah
"Balita mengikuti kunjungan rutin untuk penilaian menyeluruh. Anak bernama Reza Wijaya, ID B051, berusia 11 bulan dan berjenis kelamin Laki-laki. Kondisi umum anak tercatat Lengkap. Perkembangan anak tercatat tidak tersedia. Riwayat pelayanan pencegahan tercatat Campak. Riwayat penyakit yang dilaporkan adalah tidak tersedia. Petugas memberikan saran berdasarkan seluruh hasil pemeriksaan dan pencatatan tersebut.",Kesehatan Balita,Imunisasi Bayi,0.44,Salah
Buku KIA milik Rian Saputra diperiksa pada kunjungan hari ini. Petugas kemudian memberikan tindakan sesuai usia anak dan memperbarui catatan kelengkapannya. Jadwal berikutnya telah disampaikan kepada keluarga.,Imunisasi Bayi,Kesehatan Balita,0.38,Salah
Buku KIA milik Rafif Wijaya diperiksa pada kunjungan hari ini. Petugas kemudian memberikan tindakan sesuai usia anak dan memperbarui catatan kelengkapannya. Jadwal berikutnya telah disampaikan kepada keluarga. Petugas juga menanyakan pola makan anak kepada orang tua.,Imunisasi Bayi,Gizi Balita,0.37,Salah
Bagas Nugraha datang sesuai jadwal usia 24 bulan. Petugas memberikan pelayanan untuk perlindungan awal terhadap tuberkulosis dan memperbarui catatan pelayanan pada buku KIA. Orang tua diminta kembali pada jadwal berikutnya.,Imunisasi Bayi,Kesehatan Balita,0.39,Salah
"Pada kunjungan bulan ini, Arga Hidayat memiliki hasil pengukuran Lengkap kg dan Perlu Tindakan cm. Petugas mencatat kondisi Pemantauan serta memberikan arahan kepada keluarga untuk melakukan pemantauan ulang. Catatan pelayanan anak sebelumnya turut diperiksa.",Gizi Balita,Kesehatan Balita,0.37,Salah
Lestari Lestari datang sesuai jadwal usia 22 bulan. Petugas memberikan tindakan pencegahan sesuai jadwal usia dan memperbarui catatan pelayanan pada buku KIA. Orang tua diminta kembali pada jadwal berikutnya.,Imunisasi Bayi,Kesehatan Balita,0.42,Salah
"Bayi datang mengikuti jadwal pelayanan sesuai usianya. Bayi bernama Farhan Kurniawan, ID B233, berusia 4 bulan dan berjenis kelamin Laki-laki. Pada kunjungan ini diberikan HB-0. Catatan kelengkapan pelayanan anak adalah Lengkap. Petugas menjelaskan jadwal pemberian berikutnya dan meminta orang tua mengamati kondisi bayi setelah pelayanan.",Imunisasi Bayi,Kesehatan Balita,0.42,Salah
"Petugas mencatat hasil kunjungan bulanan seorang balita. Anak bernama Fitri Oktavia, ID B047, berusia 40 bulan dan berjenis kelamin Perempuan. Hasil penimbangan menunjukkan berat badan Lengkap kg, sedangkan hasil pengukuran tinggi badan adalah Perlu Tindakan cm. Berdasarkan hasil pengukuran tersebut, kondisi anak tercatat sebagai Perlu Intervensi. Catatan petugas: Asma. Orang tua dianjurkan memperhatikan pola makan anak dan melakukan pengukuran kembali pada kunjungan berikutnya.",Gizi Balita,Kesehatan Balita,0.47,Salah
Buku KIA milik Adit Kurniawan diperiksa pada kunjungan hari ini. Petugas kemudian memberikan tindakan sesuai usia anak dan memperbarui catatan kelengkapannya. Jadwal berikutnya telah disampaikan kepada keluarga.,Imunisasi Bayi,Kesehatan Balita,0.39,Salah
Buku KIA milik Naufal Pratama diperiksa pada kunjungan hari ini. Petugas kemudian memberikan tindakan sesuai usia anak dan memperbarui catatan kelengkapannya. Jadwal berikutnya telah disampaikan kepada keluarga.,Imunisasi Bayi,Kesehatan Balita,0.44,Salah
Buku KIA milik Dimas Kurniawan diperiksa pada kunjungan hari ini. Petugas kemudian memberikan tindakan sesuai usia anak dan memperbarui catatan kelengkapannya. Jadwal berikutnya telah disampaikan kepada keluarga.,Imunisasi Bayi,Kesehatan Balita,0.37,Salah
Buku KIA milik Naufal Wijaya diperiksa pada kunjungan hari ini. Petugas kemudian memberikan tindakan sesuai usia anak dan memperbarui catatan kelengkapannya. Jadwal berikutnya telah disampaikan kepada keluarga.,Imunisasi Bayi,Kesehatan Balita,0.37,Salah
"Orang tua membawa anak untuk mengikuti pelayanan rutin. Akbar Permana, usia 15 bulan, menjalani pengukuran fisik rutin. Angka pada timbangan tercatat Lengkap kg dan panjang atau tinggi tubuh tercatat Sehat cm. Hasil pencatatan petugas menunjukkan kondisi Normal. Terdapat keterangan tambahan berupa Alergi. Keluarga diminta memperhatikan asupan harian dan mengamati perubahan kondisi anak sampai jadwal kunjungan berikutnya.",Gizi Balita,Kesehatan Balita,0.47,Salah
Fikri Kurniawan datang sesuai jadwal usia 16 bulan. Petugas memberikan pelayanan lanjutan untuk perlindungan terhadap beberapa penyakit dan memperbarui catatan pelayanan pada buku KIA. Orang tua diminta kembali pada jadwal berikutnya.,Imunisasi Bayi,Kesehatan Balita,0.44,Salah
"Orang tua membawa anak untuk menjalani pelayanan rutin terpadu. Safira Lestari, usia 11 bulan, menjalani penilaian kondisi umum, perkembangan sesuai usia, dan riwayat pelayanan sebelumnya. Hasil penilaian kondisi umum adalah Belum Lengkap. Perkembangannya tercatat tidak tersedia, sedangkan catatan pelayanan sebelumnya adalah Polio 2. Keluarga juga menyampaikan riwayat berupa tidak tersedia. Petugas memberikan arahan tindak lanjut sesuai temuan.",Kesehatan Balita,Imunisasi Bayi,0.47,Salah
"Orang tua membawa bayi sesuai jadwal pada buku KIA. Bayi bernama Syifa Permata, ID B125, berusia 0 bulan dan berjenis kelamin Perempuan. Pada kunjungan ini diberikan HB-0. Catatan kelengkapan pelayanan anak adalah Lengkap. Petugas menjelaskan jadwal pemberian berikutnya dan meminta orang tua mengamati kondisi bayi setelah pelayanan.",Imunisasi Bayi,Kesehatan Balita,0.43,Salah
Perubahan kondisi fisik Rafa Pratama kembali diamati pada kunjungan rutin. Angka yang diperoleh adalah 13.1 kg dan 87.8 cm. Petugas mencatat Pertumbuhan sesuai usia dan meminta keluarga datang kembali bulan depan. Orang tua diingatkan mengikuti jadwal pelayanan lainnya.,Gizi Balita,Kesehatan Balita,0.43,Salah
"Orang tua membawa bayi sesuai jadwal pada buku KIA. Bayi bernama Nabila Sari, ID B1397, berusia 24 bulan dan berjenis kelamin Perempuan. Pada kunjungan ini diberikan HB-0. Catatan kelengkapan pelayanan anak adalah Belum Lengkap. Petugas menjelaskan jadwal pemberian berikutnya dan meminta orang tua mengamati kondisi bayi setelah pelayanan.",Imunisasi Bayi,Kesehatan Balita,0.47,Salah
"Kunjungan dilakukan untuk melanjutkan pelayanan pencegahan. Bayi bernama Azka Nugraha, ID B053, berusia 50 bulan dan berjenis kelamin Laki-laki. Pada kunjungan ini diberikan 7.6. Catatan kelengkapan pelayanan anak adalah Perlu pemantauan gizi. Petugas menjelaskan jadwal pemberian berikutnya dan meminta orang tua mengamati kondisi bayi setelah pelayanan.",Imunisasi Bayi,Gizi Balita,0.36,Salah
"Pada kunjungan bulan ini, Aulia Kartika memiliki hasil pengukuran Lengkap kg dan Perlu Tindakan cm. Petugas mencatat kondisi Pemantauan serta memberikan arahan kepada keluarga untuk melakukan pemantauan ulang.",Gizi Balita,Kesehatan Balita,0.37,Salah
"Kunjungan hari ini mencakup peninjauan kondisi dan perkembangan anak. Anak bernama Syifa Lestari, ID B077, berusia 21 bulan dan berjenis kelamin Perempuan. Kondisi umum anak tercatat Lengkap. Perkembangan anak tercatat tidak tersedia. Riwayat pelayanan pencegahan tercatat Polio 1. Riwayat penyakit yang dilaporkan adalah tidak tersedia. Petugas memberikan saran berdasarkan seluruh hasil pemeriksaan dan pencatatan tersebut.",Kesehatan Balita,Imunisasi Bayi,0.45,Salah
"Balita mengikuti kunjungan rutin untuk penilaian menyeluruh. Anak bernama Ahmad Pratama, ID B052, berusia 7 bulan dan berjenis kelamin Laki-laki. Kondisi umum anak tercatat Lengkap. Perkembangan anak tercatat tidak tersedia. Riwayat pelayanan pencegahan tercatat DPT-HB-Hib 2. Riwayat penyakit yang dilaporkan adalah tidak tersedia. Petugas memberikan saran berdasarkan seluruh hasil pemeriksaan dan pencatatan tersebut.",Kesehatan Balita,Imunisasi Bayi,0.46,Salah
"Bayi datang mengikuti jadwal pelayanan sesuai usianya. Bayi bernama Aqila Sari, ID B1880, berusia 11 bulan dan berjenis kelamin Perempuan. Pada kunjungan ini diberikan HB-0. Catatan kelengkapan pelayanan anak adalah Lengkap. Petugas menjelaskan jadwal pemberian berikutnya dan meminta orang tua mengamati kondisi bayi setelah pelayanan.",Imunisasi Bayi,Kesehatan Balita,0.43,Salah
Buku KIA milik Daffa Pratama diperiksa pada kunjungan hari ini. Petugas kemudian memberikan tindakan sesuai usia anak dan memperbarui catatan kelengkapannya. Jadwal berikutnya telah disampaikan kepada keluarga.,Imunisasi Bayi,Kesehatan Balita,0.37,Salah
Pelayanan lanjutan untuk Lestari Permata dilakukan berdasarkan riwayat yang tercatat Lengkap. Pada kunjungan ini anak menerima pelayanan lanjutan untuk perlindungan terhadap beberapa penyakit. Keluarga diberi penjelasan mengenai reaksi ringan yang mungkin muncul setelah tindakan.,Imunisasi Bayi,Kesehatan Balita,0.41,Salah
Perubahan kondisi fisik Alya Lestari kembali diamati pada kunjungan rutin. Angka yang diperoleh adalah 9.6 kg dan 101.5 cm. Petugas mencatat Pertumbuhan sesuai usia dan meminta keluarga datang kembali bulan depan.,Gizi Balita,Kesehatan Balita,0.46,Salah
Perubahan kondisi fisik Nayla Permata kembali diamati pada kunjungan rutin. Angka yang diperoleh adalah 13.5 kg dan 104.1 cm. Petugas mencatat Pertumbuhan sesuai usia dan meminta keluarga datang kembali bulan depan.,Gizi Balita,Kesehatan Balita,0.38,Salah
Arga Saputra datang sesuai jadwal usia 15 bulan. Petugas memberikan tindakan pencegahan sesuai jadwal usia dan memperbarui catatan pelayanan pada buku KIA. Orang tua diminta kembali pada jadwal berikutnya.,Imunisasi Bayi,Kesehatan Balita,0.36,Salah
Pelayanan lanjutan untuk Siti Sari dilakukan berdasarkan riwayat yang tercatat Lengkap. Pada kunjungan ini anak menerima pelayanan lanjutan untuk perlindungan terhadap beberapa penyakit. Keluarga diberi penjelasan mengenai reaksi ringan yang mungkin muncul setelah tindakan.,Imunisasi Bayi,Kesehatan Balita,0.49,Salah
Citra Lestari datang sesuai jadwal usia 3 bulan. Petugas memberikan pelayanan lanjutan untuk perlindungan terhadap beberapa penyakit dan memperbarui catatan pelayanan pada buku KIA. Orang tua diminta kembali pada jadwal berikutnya.,Imunisasi Bayi,Kesehatan Balita,0.38,Salah
"Pada kunjungan bulan ini, Khansa Lestari memiliki hasil pengukuran Tidak Lengkap kg dan Sehat cm. Petugas mencatat kondisi Perlu Intervensi serta memberikan arahan kepada keluarga untuk melakukan pemantauan ulang.",Gizi Balita,Kesehatan Balita,0.38,Salah
"Bayi datang mengikuti jadwal pelayanan sesuai usianya. Bayi bernama Iqbal Wijaya, ID B065, berusia 9 bulan dan berjenis kelamin Laki-laki. Pada kunjungan ini diberikan 16.4. Catatan kelengkapan pelayanan anak adalah Pertumbuhan sesuai usia. Petugas menjelaskan jadwal pemberian berikutnya dan meminta orang tua mengamati kondisi bayi setelah pelayanan.",Imunisasi Bayi,Kesehatan Balita,0.43,Salah
Buku KIA milik Adit Pratama diperiksa pada kunjungan hari ini. Petugas kemudian memberikan tindakan sesuai usia anak dan memperbarui catatan kelengkapannya. Jadwal berikutnya telah disampaikan kepada keluarga.,Imunisasi Bayi,Kesehatan Balita,0.37,Salah
Buku KIA milik Alya Putri diperiksa pada kunjungan hari ini. Petugas kemudian memberikan tindakan sesuai usia anak dan memperbarui catatan kelengkapannya. Jadwal berikutnya telah disampaikan kepada keluarga.,Imunisasi Bayi,Kesehatan Balita,0.36,Salah
Reza Wijaya datang sesuai jadwal usia 12 bulan. Petugas memberikan pelayanan lanjutan untuk perlindungan terhadap beberapa penyakit dan memperbarui catatan pelayanan pada buku KIA. Orang tua diminta kembali pada jadwal berikutnya. Orang tua turut berkonsultasi mengenai pertumbuhan anak.,Imunisasi Bayi,Kesehatan Balita,0.41,Salah
Buku KIA milik Melati Sari diperiksa pada kunjungan hari ini. Petugas kemudian memberikan tindakan sesuai usia anak dan memperbarui catatan kelengkapannya. Jadwal berikutnya telah disampaikan kepada keluarga.,Imunisasi Bayi,Kesehatan Balita,0.4,Salah
Rahma Putri datang sesuai jadwal usia 4 bulan. Petugas memberikan tindakan pencegahan sesuai jadwal usia dan memperbarui catatan pelayanan pada buku KIA. Orang tua diminta kembali pada jadwal berikutnya. Petugas juga menanyakan pola makan anak kepada orang tua.,Imunisasi Bayi,Kesehatan Balita,0.4,Salah
Fahri Saputra datang sesuai jadwal usia 19 bulan. Petugas memberikan tindakan pencegahan sesuai jadwal usia dan memperbarui catatan pelayanan pada buku KIA. Orang tua diminta kembali pada jadwal berikutnya.,Imunisasi Bayi,Kesehatan Balita,0.44,Salah
Perubahan kondisi fisik Amelia Putri kembali diamati pada kunjungan rutin. Angka yang diperoleh adalah 8.9 kg dan 99 cm. Petugas mencatat Pertumbuhan sesuai usia dan meminta keluarga datang kembali bulan depan.,Gizi Balita,Kesehatan Balita,0.39,Salah
Perubahan kondisi fisik Alya Sari kembali diamati pada kunjungan rutin. Angka yang diperoleh adalah 14.8 kg dan 78.9 cm. Petugas mencatat Pertumbuhan sesuai usia dan meminta keluarga datang kembali bulan depan.,Gizi Balita,Kesehatan Balita,0.37,Salah
Pelayanan lanjutan untuk Melati Sari dilakukan berdasarkan riwayat yang tercatat Lengkap. Pada kunjungan ini anak menerima pelayanan lanjutan untuk perlindungan terhadap beberapa penyakit. Keluarga diberi penjelasan mengenai reaksi ringan yang mungkin muncul setelah tindakan. Petugas juga menanyakan pola makan anak kepada orang tua.,Imunisasi Bayi,Kesehatan Balita,0.5,Salah
Perubahan kondisi fisik Arga Wijaya kembali diamati pada kunjungan rutin. Angka yang diperoleh adalah 13.1 kg dan 100.7 cm. Petugas mencatat Pertumbuhan sesuai usia dan meminta keluarga datang kembali bulan depan.,Gizi Balita,Kesehatan Balita,0.38,Salah
"Petugas mencatat hasil kunjungan bulanan seorang balita. Anindya Maharani, usia 22 bulan, menjalani pengukuran fisik rutin. Angka pada timbangan tercatat Lengkap kg dan panjang atau tinggi tubuh tercatat Perlu Tindakan cm. Hasil pencatatan petugas menunjukkan kondisi Perlu Intervensi. Terdapat keterangan tambahan berupa ISPA. Keluarga diminta memperhatikan asupan harian dan mengamati perubahan kondisi anak sampai jadwal kunjungan berikutnya.",Gizi Balita,Kesehatan Balita,0.47,Salah
"Balita mengikuti kunjungan rutin untuk penilaian menyeluruh. Anak bernama Aldi Ramadhan, ID B1757, berusia 31 bulan dan berjenis kelamin Laki-laki. Kondisi umum anak tercatat Pemantauan. Perkembangan anak tercatat Normal. Riwayat pelayanan pencegahan tercatat Lengkap. Riwayat penyakit yang dilaporkan adalah ISPA. Petugas memberikan saran berdasarkan seluruh hasil pemeriksaan dan pencatatan tersebut.",Kesehatan Balita,Imunisasi Bayi,0.45,Salah
"Orang tua membawa anak untuk menjalani pelayanan rutin terpadu. Lestari Putri, usia 7 bulan, menjalani penilaian kondisi umum, perkembangan sesuai usia, dan riwayat pelayanan sebelumnya. Hasil penilaian kondisi umum adalah Lengkap. Perkembangannya tercatat tidak tersedia, sedangkan catatan pelayanan sebelumnya adalah BCG. Keluarga juga menyampaikan riwayat berupa tidak tersedia. Petugas memberikan arahan tindak lanjut sesuai temuan.",Kesehatan Balita,Imunisasi Bayi,0.47,Salah
"Bayi datang mengikuti jadwal pelayanan sesuai usianya. Putri Sari, usia 48 bulan, memperoleh tindakan 8.8 sesuai catatan jadwal pelayanan anak. Riwayat pemberian sebelumnya tercatat Gizi Kurang. Orang tua diminta kembali sesuai jadwal pada buku KIA serta mengamati kemungkinan reaksi setelah tindakan.",Imunisasi Bayi,Gizi Balita,0.36,Salah
"Kunjungan dilakukan untuk melanjutkan pelayanan pencegahan. Bayi bernama Alif Saputra, ID B034, berusia 3 bulan dan berjenis kelamin Laki-laki. Pada kunjungan ini diberikan 15.3. Catatan kelengkapan pelayanan anak adalah Pertumbuhan sesuai usia. Petugas menjelaskan jadwal pemberian berikutnya dan meminta orang tua mengamati kondisi bayi setelah pelayanan.",Imunisasi Bayi,Kesehatan Balita,0.49,Salah
Nabila Rahma datang sesuai jadwal usia 16 bulan. Petugas memberikan pelayanan lanjutan untuk perlindungan terhadap beberapa penyakit dan memperbarui catatan pelayanan pada buku KIA. Orang tua diminta kembali pada jadwal berikutnya.,Imunisasi Bayi,Kesehatan Balita,0.38,Salah
"Catatan kunjungan Fitri Rahmawati, usia 29 bulan: hasil pengukuran tubuh adalah Belum Lengkap kg dan Sehat cm. Kondisi yang tercatat yaitu Pemantauan. Orang tua diminta memperhatikan kebutuhan harian anak.",Gizi Balita,Kesehatan Balita,0.38,Salah
Buku KIA milik Rahma Rahma diperiksa pada kunjungan hari ini. Petugas kemudian memberikan tindakan sesuai usia anak dan memperbarui catatan kelengkapannya. Jadwal berikutnya telah disampaikan kepada keluarga.,Imunisasi Bayi,Kesehatan Balita,0.4,Salah
"Kunjungan dilakukan untuk melanjutkan pelayanan pencegahan. Bayi bernama Siti Sari, ID B028, berusia 29 bulan dan berjenis kelamin Perempuan. Pada kunjungan ini diberikan 11.8. Catatan kelengkapan pelayanan anak adalah Pertumbuhan sesuai usia. Petugas menjelaskan jadwal pemberian berikutnya dan meminta orang tua mengamati kondisi bayi setelah pelayanan. Kondisi fisik anak diamati sebelum tindakan diberikan.",Imunisasi Bayi,Kesehatan Balita,0.48,Salah
"Petugas melakukan pencatatan beberapa aspek kondisi anak. Anak bernama Fahri Pratama, ID B040, berusia 21 bulan dan berjenis kelamin Laki-laki. Kondisi umum anak tercatat Lengkap. Perkembangan anak tercatat tidak tersedia. Riwayat pelayanan pencegahan tercatat DPT-HB-Hib 2. Riwayat penyakit yang dilaporkan adalah tidak tersedia. Petugas memberikan saran berdasarkan seluruh hasil pemeriksaan dan pencatatan tersebut. Petugas memberi perhatian khusus pada perkembangan anak.",Kesehatan Balita,Imunisasi Bayi,0.48,Salah
"Kunjungan hari ini mencakup peninjauan kondisi dan perkembangan anak. Anak bernama Galang Pratama, ID B027, berusia 6 bulan dan berjenis kelamin Laki-laki. Kondisi umum anak tercatat Lengkap. Perkembangan anak tercatat tidak tersedia. Riwayat pelayanan pencegahan tercatat Polio 1. Riwayat penyakit yang dilaporkan adalah tidak tersedia. Petugas memberikan saran berdasarkan seluruh hasil pemeriksaan dan pencatatan tersebut.",Kesehatan Balita,Imunisasi Bayi,0.45,Salah
"Orang tua membawa bayi sesuai jadwal pada buku KIA. Bayi bernama Syifa Permata, ID B1261, berusia 21 bulan dan berjenis kelamin Perempuan. Pada kunjungan ini diberikan Campak. Catatan kelengkapan pelayanan anak adalah Lengkap. Petugas menjelaskan jadwal pemberian berikutnya dan meminta orang tua mengamati kondisi bayi setelah pelayanan.",Imunisasi Bayi,Kesehatan Balita,0.48,Salah
Perubahan kondisi fisik Bagas Nugraha kembali diamati pada kunjungan rutin. Angka yang diperoleh adalah 10.7 kg dan 97.6 cm. Petugas mencatat Pertumbuhan sesuai usia dan meminta keluarga datang kembali bulan depan.,Gizi Balita,Kesehatan Balita,0.38,Salah
"Petugas mencatat hasil kunjungan bulanan seorang balita. Muhammad Ramadhan, usia 7 bulan, menjalani pengukuran fisik rutin. Angka pada timbangan tercatat Tidak Lengkap kg dan panjang atau tinggi tubuh tercatat Sehat cm. Hasil pencatatan petugas menunjukkan kondisi Normal. Terdapat keterangan tambahan berupa Campak. Keluarga diminta memperhatikan asupan harian dan mengamati perubahan kondisi anak sampai jadwal kunjungan berikutnya. Catatan pelayanan anak sebelumnya turut diperiksa.",Gizi Balita,Kesehatan Balita,0.56,Salah
"Orang tua membawa anak untuk menjalani pelayanan rutin terpadu. Naufal Wijaya, usia 5 bulan, menjalani penilaian kondisi umum, perkembangan sesuai usia, dan riwayat pelayanan sebelumnya. Hasil penilaian kondisi umum adalah Belum Lengkap. Perkembangannya tercatat tidak tersedia, sedangkan catatan pelayanan sebelumnya adalah Polio 1. Keluarga juga menyampaikan riwayat berupa tidak tersedia. Petugas memberikan arahan tindak lanjut sesuai temuan.",Kesehatan Balita,Imunisasi Bayi,0.44,Salah
Pelayanan lanjutan untuk Siti Sari dilakukan berdasarkan riwayat yang tercatat Lengkap. Pada kunjungan ini anak menerima pelayanan lanjutan untuk perlindungan terhadap beberapa penyakit. Keluarga diberi penjelasan mengenai reaksi ringan yang mungkin muncul setelah tindakan.,Imunisasi Bayi,Kesehatan Balita,0.49,Salah
"Balita datang mengikuti kegiatan rutin di posyandu. Anak bernama Muhammad Saputra, ID B056, berusia 18 bulan dan berjenis kelamin Laki-laki. Hasil penimbangan menunjukkan berat badan Tidak Lengkap kg, sedangkan hasil pengukuran tinggi badan adalah Sehat cm. Berdasarkan hasil pengukuran tersebut, kondisi anak tercatat sebagai Normal. Catatan petugas: Batuk. Orang tua dianjurkan memperhatikan pola makan anak dan melakukan pengukuran kembali pada kunjungan berikutnya.",Gizi Balita,Kesehatan Balita,0.53,Salah
"Orang tua membawa anak untuk menjalani pelayanan rutin terpadu. Aisyah Permata, usia 0 bulan, menjalani penilaian kondisi umum, perkembangan sesuai usia, dan riwayat pelayanan sebelumnya. Hasil penilaian kondisi umum adalah Lengkap. Perkembangannya tercatat tidak tersedia, sedangkan catatan pelayanan sebelumnya adalah BCG. Keluarga juga menyampaikan riwayat berupa tidak tersedia. Petugas memberikan arahan tindak lanjut sesuai temuan.",Kesehatan Balita,Imunisasi Bayi,0.45,Salah
"Orang tua membawa bayi sesuai jadwal pada buku KIA. Bayi bernama Indah Permata, ID B144, berusia 12 bulan dan berjenis kelamin Perempuan. Pada kunjungan ini diberikan HB-0. Catatan kelengkapan pelayanan anak adalah Lengkap. Petugas menjelaskan jadwal pemberian berikutnya dan meminta orang tua mengamati kondisi bayi setelah pelayanan.",Imunisasi Bayi,Kesehatan Balita,0.41,Salah
Perubahan kondisi fisik Nayla Putri kembali diamati pada kunjungan rutin. Angka yang diperoleh adalah 16.5 kg dan 71.9 cm. Petugas mencatat Pertumbuhan sesuai usia dan meminta keluarga datang kembali bulan depan.,Gizi Balita,Kesehatan Balita,0.38,Salah
"Bayi datang mengikuti jadwal pelayanan sesuai usianya. Bayi bernama Alya Lestari, ID B700, berusia 17 bulan dan berjenis kelamin Perempuan. Pada kunjungan ini diberikan HB-0. Catatan kelengkapan pelayanan anak adalah Lengkap. Petugas menjelaskan jadwal pemberian berikutnya dan meminta orang tua mengamati kondisi bayi setelah pelayanan.",Imunisasi Bayi,Kesehatan Balita,0.42,Salah
"Bayi datang mengikuti jadwal pelayanan sesuai usianya. Bayi bernama Lestari Rahma, ID B157, berusia 16 bulan dan berjenis kelamin Perempuan. Pada kunjungan ini diberikan Campak. Catatan kelengkapan pelayanan anak adalah Lengkap. Petugas menjelaskan jadwal pemberian berikutnya dan meminta orang tua mengamati kondisi bayi setelah pelayanan.",Imunisasi Bayi,Kesehatan Balita,0.49,Salah
Buku KIA milik Aqila Sari diperiksa pada kunjungan hari ini. Petugas kemudian memberikan tindakan sesuai usia anak dan memperbarui catatan kelengkapannya. Jadwal berikutnya telah disampaikan kepada keluarga.,Imunisasi Bayi,Kesehatan Balita,0.39,Salah
Buku KIA milik Rizky Wijaya diperiksa pada kunjungan hari ini. Petugas kemudian memberikan tindakan sesuai usia anak dan memperbarui catatan kelengkapannya. Jadwal berikutnya telah disampaikan kepada keluarga. Kondisi fisik anak diamati sebelum tindakan diberikan.,Imunisasi Bayi,Kesehatan Balita,0.44,Salah
Perubahan kondisi fisik Naufal Saputra kembali diamati pada kunjungan rutin. Angka yang diperoleh adalah 15.3 kg dan 100 cm. Petugas mencatat Pertumbuhan sesuai usia dan meminta keluarga datang kembali bulan depan.,Gizi Balita,Kesehatan Balita,0.37,Salah
"Bayi datang mengikuti jadwal pelayanan sesuai usianya. Bayi bernama Kayla Permata, ID B456, berusia 6 bulan dan berjenis kelamin Perempuan. Pada kunjungan ini diberikan Campak. Catatan kelengkapan pelayanan anak adalah Lengkap. Petugas menjelaskan jadwal pemberian berikutnya dan meminta orang tua mengamati kondisi bayi setelah pelayanan.",Imunisasi Bayi,Kesehatan Balita,0.44,Salah
"Orang tua membawa bayi sesuai jadwal pada buku KIA. Bayi bernama Salsa Putri, ID B1815, berusia 2 bulan dan berjenis kelamin Perempuan. Pada kunjungan ini diberikan Campak. Catatan kelengkapan pelayanan anak adalah Lengkap. Petugas menjelaskan jadwal pemberian berikutnya dan meminta orang tua mengamati kondisi bayi setelah pelayanan.",Imunisasi Bayi,Gizi Balita,0.37,Salah
Nabila Putri datang sesuai jadwal usia 57 bulan. Petugas memberikan tindakan pencegahan sesuai jadwal usia dan memperbarui catatan pelayanan pada buku KIA. Orang tua diminta kembali pada jadwal berikutnya. Orang tua turut berkonsultasi mengenai pertumbuhan anak.,Imunisasi Bayi,Kesehatan Balita,0.5,Salah
Buku KIA milik Kayla Putri diperiksa pada kunjungan hari ini. Petugas kemudian memberikan tindakan sesuai usia anak dan memperbarui catatan kelengkapannya. Jadwal berikutnya telah disampaikan kepada keluarga. Orang tua turut berkonsultasi mengenai pertumbuhan anak.,Imunisasi Bayi,Kesehatan Balita,0.41,Salah
Amelia Rahma datang sesuai jadwal usia 23 bulan. Petugas memberikan tindakan pencegahan sesuai jadwal usia dan memperbarui catatan pelayanan pada buku KIA. Orang tua diminta kembali pada jadwal berikutnya.,Imunisasi Bayi,Kesehatan Balita,0.38,Salah
"Orang tua membawa anak untuk menjalani pelayanan rutin terpadu. Syifa Putri, usia 9 bulan, menjalani penilaian kondisi umum, perkembangan sesuai usia, dan riwayat pelayanan sebelumnya. Hasil penilaian kondisi umum adalah Lengkap. Perkembangannya tercatat tidak tersedia, sedangkan catatan pelayanan sebelumnya adalah DPT-HB-Hib 3. Keluarga juga menyampaikan riwayat berupa tidak tersedia. Petugas memberikan arahan tindak lanjut sesuai temuan.",Kesehatan Balita,Imunisasi Bayi,0.45,Salah
Perubahan kondisi fisik Melati Rahma kembali diamati pada kunjungan rutin. Angka yang diperoleh adalah 12.4 kg dan 90.9 cm. Petugas mencatat Pertumbuhan sesuai usia dan meminta keluarga datang kembali bulan depan.,Gizi Balita,Kesehatan Balita,0.38,Salah
Pelayanan lanjutan untuk Siti Lestari dilakukan berdasarkan riwayat yang tercatat Lengkap. Pada kunjungan ini anak menerima tindakan pencegahan sesuai jadwal usia. Keluarga diberi penjelasan mengenai reaksi ringan yang mungkin muncul setelah tindakan. Petugas juga menanyakan pola makan anak kepada orang tua.,Imunisasi Bayi,Kesehatan Balita,0.43,Salah
"Petugas melakukan pencatatan beberapa aspek kondisi anak. Iqbal Wijaya, usia 2 bulan, menjalani penilaian kondisi umum, perkembangan sesuai usia, dan riwayat pelayanan sebelumnya. Hasil penilaian kondisi umum adalah Lengkap. Perkembangannya tercatat tidak tersedia, sedangkan catatan pelayanan sebelumnya adalah Polio 3. Keluarga juga menyampaikan riwayat berupa tidak tersedia. Petugas memberikan arahan tindak lanjut sesuai temuan. Catatan pelayanan sebelumnya menjadi bagian dari penilaian.",Kesehatan Balita,Imunisasi Bayi,0.47,Salah
"Bayi datang mengikuti jadwal pelayanan sesuai usianya. Bayi bernama Dimas Nugraha, ID B1600, berusia 22 bulan dan berjenis kelamin Laki-laki. Pada kunjungan ini diberikan Campak. Catatan kelengkapan pelayanan anak adalah Lengkap. Petugas menjelaskan jadwal pemberian berikutnya dan meminta orang tua mengamati kondisi bayi setelah pelayanan.",Imunisasi Bayi,Kesehatan Balita,0.43,Salah
"Petugas menerima kunjungan bayi untuk pelayanan lanjutan. Bayi bernama Nabila Lestari, ID B614, berusia 6 bulan dan berjenis kelamin Perempuan. Pada kunjungan ini diberikan Campak. Catatan kelengkapan pelayanan anak adalah Lengkap. Petugas menjelaskan jadwal pemberian berikutnya dan meminta orang tua mengamati kondisi bayi setelah pelayanan. Kondisi fisik anak diamati sebelum tindakan diberikan.",Imunisasi Bayi,Kesehatan Balita,0.52,Salah
Buku KIA milik Galang Kurniawan diperiksa pada kunjungan hari ini. Petugas kemudian memberikan tindakan sesuai usia anak dan memperbarui catatan kelengkapannya. Jadwal berikutnya telah disampaikan kepada keluarga.,Imunisasi Bayi,Kesehatan Balita,0.37,Salah
Perubahan kondisi fisik Anisa Rahma kembali diamati pada kunjungan rutin. Angka yang diperoleh adalah 10.3 kg dan 78.4 cm. Petugas mencatat Pertumbuhan sesuai usia dan meminta keluarga datang kembali bulan depan.,Gizi Balita,Kesehatan Balita,0.39,Salah
"Bayi datang mengikuti jadwal pelayanan sesuai usianya. Bayi bernama Melati Sari, ID B1510, berusia 8 bulan dan berjenis kelamin Perempuan. Pada kunjungan ini diberikan HB-0. Catatan kelengkapan pelayanan anak adalah Lengkap. Petugas menjelaskan jadwal pemberian berikutnya dan meminta orang tua mengamati kondisi bayi setelah pelayanan.",Imunisasi Bayi,Kesehatan Balita,0.43,Salah
Putri Lestari datang sesuai jadwal usia 18 bulan. Petugas memberikan pelayanan lanjutan untuk perlindungan terhadap beberapa penyakit dan memperbarui catatan pelayanan pada buku KIA. Orang tua diminta kembali pada jadwal berikutnya.,Imunisasi Bayi,Kesehatan Balita,0.36,Salah
"Petugas menerima kunjungan bayi untuk pelayanan lanjutan. Bayi bernama Anisa Rahma, ID B965, berusia 2 bulan dan berjenis kelamin Perempuan. Pada kunjungan ini diberikan Campak. Catatan kelengkapan pelayanan anak adalah Lengkap. Petugas menjelaskan jadwal pemberian berikutnya dan meminta orang tua mengamati kondisi bayi setelah pelayanan. Orang tua turut berkonsultasi mengenai pertumbuhan anak.",Imunisasi Bayi,Kesehatan Balita,0.45,Salah
Buku KIA milik Citra Lestari diperiksa pada kunjungan hari ini. Petugas kemudian memberikan tindakan sesuai usia anak dan memperbarui catatan kelengkapannya. Jadwal berikutnya telah disampaikan kepada keluarga.,Imunisasi Bayi,Kesehatan Balita,0.44,Salah
Pelayanan lanjutan untuk Nabila Lestari dilakukan berdasarkan riwayat yang tercatat Lengkap. Pada kunjungan ini anak menerima pelayanan lanjutan untuk perlindungan terhadap beberapa penyakit. Keluarga diberi penjelasan mengenai reaksi ringan yang mungkin muncul setelah tindakan.,Imunisasi Bayi,Kesehatan Balita,0.43,Salah
Perubahan kondisi fisik Rahma Lestari kembali diamati pada kunjungan rutin. Angka yang diperoleh adalah 9 kg dan 81.5 cm. Petugas mencatat Pertumbuhan sesuai usia dan meminta keluarga datang kembali bulan depan.,Gizi Balita,Kesehatan Balita,0.39,Salah
Perubahan kondisi fisik Salsa Sari kembali diamati pada kunjungan rutin. Angka yang diperoleh adalah 11.9 kg dan 81.6 cm. Petugas mencatat Perlu pemantauan gizi dan meminta keluarga datang kembali bulan depan.,Gizi Balita,Kesehatan Balita,0.41,Salah
"Bayi datang mengikuti jadwal pelayanan sesuai usianya. Bayi bernama Adit Kurniawan, ID B492, berusia 7 bulan dan berjenis kelamin Laki-laki. Pada kunjungan ini diberikan Campak. Catatan kelengkapan pelayanan anak adalah Lengkap. Petugas menjelaskan jadwal pemberian berikutnya dan meminta orang tua mengamati kondisi bayi setelah pelayanan.",Imunisasi Bayi,Kesehatan Balita,0.42,Salah
Alif Nugraha datang sesuai jadwal usia 23 bulan. Petugas memberikan pelayanan untuk perlindungan awal terhadap tuberkulosis dan memperbarui catatan pelayanan pada buku KIA. Orang tua diminta kembali pada jadwal berikutnya.,Imunisasi Bayi,Kesehatan Balita,0.37,Salah
Perubahan kondisi fisik Rahma Permata kembali diamati pada kunjungan rutin. Angka yang diperoleh adalah 9.9 kg dan 88.3 cm. Petugas mencatat Perlu pemantauan gizi dan meminta keluarga datang kembali bulan depan.,Gizi Balita,Kesehatan Balita,0.38,Salah
Perubahan kondisi fisik Fahri Wijaya kembali diamati pada kunjungan rutin. Angka yang diperoleh adalah 12.5 kg dan 98.3 cm. Petugas mencatat Pertumbuhan sesuai usia dan meminta keluarga datang kembali bulan depan.,Gizi Balita,Kesehatan Balita,0.38,Salah
Pelayanan lanjutan untuk Lestari Lestari dilakukan berdasarkan riwayat yang tercatat Lengkap. Pada kunjungan ini anak menerima pelayanan lanjutan untuk perlindungan terhadap beberapa penyakit. Keluarga diberi penjelasan mengenai reaksi ringan yang mungkin muncul setelah tindakan.,Imunisasi Bayi,Kesehatan Balita,0.47,Salah
Adit Wijaya datang sesuai jadwal usia 14 bulan. Petugas memberikan pelayanan lanjutan untuk perlindungan terhadap beberapa penyakit dan memperbarui catatan pelayanan pada buku KIA. Orang tua diminta kembali pada jadwal berikutnya. Kondisi fisik anak diamati sebelum tindakan diberikan.,Imunisasi Bayi,Kesehatan Balita,0.43,Salah
Buku KIA milik Rizky Kurniawan diperiksa pada kunjungan hari ini. Petugas kemudian memberikan tindakan sesuai usia anak dan memperbarui catatan kelengkapannya. Jadwal berikutnya telah disampaikan kepada keluarga.,Imunisasi Bayi,Kesehatan Balita,0.41,Salah
"Petugas menerima kunjungan bayi untuk pelayanan lanjutan. Bayi bernama Ahmad Pratama, ID B1603, berusia 1 bulan dan berjenis kelamin Laki-laki. Pada kunjungan ini diberikan Campak. Catatan kelengkapan pelayanan anak adalah Lengkap. Petugas menjelaskan jadwal pemberian berikutnya dan meminta orang tua mengamati kondisi bayi setelah pelayanan. Petugas juga menanyakan pola makan anak kepada orang tua.",Imunisasi Bayi,Gizi Balita,0.39,Salah
"Petugas melakukan pencatatan beberapa aspek kondisi anak. Amelia Permata, usia 18 bulan, menjalani penilaian kondisi umum, perkembangan sesuai usia, dan riwayat pelayanan sebelumnya. Hasil penilaian kondisi umum adalah Lengkap. Perkembangannya tercatat tidak tersedia, sedangkan catatan pelayanan sebelumnya adalah DPT-HB-Hib 1. Keluarga juga menyampaikan riwayat berupa tidak tersedia. Petugas memberikan arahan tindak lanjut sesuai temuan. Keluarga diminta menjaga pola makan dan jadwal kunjungan.",Kesehatan Balita,Imunisasi Bayi,0.48,Salah
Perubahan kondisi fisik Naufal Nugraha kembali diamati pada kunjungan rutin. Angka yang diperoleh adalah 12.8 kg dan 80.6 cm. Petugas mencatat Pertumbuhan sesuai usia dan meminta keluarga datang kembali bulan depan.,Gizi Balita,Kesehatan Balita,0.38,Salah
Pelayanan lanjutan untuk Farhan Nugraha dilakukan berdasarkan riwayat yang tercatat Lengkap. Pada kunjungan ini anak menerima pelayanan lanjutan untuk perlindungan terhadap beberapa penyakit. Keluarga diberi penjelasan mengenai reaksi ringan yang mungkin muncul setelah tindakan.,Imunisasi Bayi,Kesehatan Balita,0.42,Salah
"Petugas menerima kunjungan bayi untuk pelayanan lanjutan. Bayi bernama Amelia Lestari, ID B001, berusia 8 bulan dan berjenis kelamin Perempuan. Pada kunjungan ini diberikan Campak. Catatan kelengkapan pelayanan anak adalah Lengkap. Petugas menjelaskan jadwal pemberian berikutnya dan meminta orang tua mengamati kondisi bayi setelah pelayanan.",Imunisasi Bayi,Kesehatan Balita,0.41,Salah
Perubahan kondisi fisik Rafif Wijaya kembali diamati pada kunjungan rutin. Angka yang diperoleh adalah 6.2 kg dan 88.7 cm. Petugas mencatat Perlu pemantauan gizi dan meminta keluarga datang kembali bulan depan.,Gizi Balita,Kesehatan Balita,0.41,Salah
"Petugas menerima kunjungan bayi untuk pelayanan lanjutan. Bayi bernama Siti Rahma, ID B453, berusia 19 bulan dan berjenis kelamin Perempuan. Pada kunjungan ini diberikan Campak. Catatan kelengkapan pelayanan anak adalah Lengkap. Petugas menjelaskan jadwal pemberian berikutnya dan meminta orang tua mengamati kondisi bayi setelah pelayanan.",Imunisasi Bayi,Kesehatan Balita,0.42,Salah
Pelayanan lanjutan untuk Nabila Rahma dilakukan berdasarkan riwayat yang tercatat Lengkap. Pada kunjungan ini anak menerima pelayanan lanjutan untuk perlindungan terhadap beberapa penyakit. Keluarga diberi penjelasan mengenai reaksi ringan yang mungkin muncul setelah tindakan.,Imunisasi Bayi,Kesehatan Balita,0.42,Salah
"Orang tua membawa bayi sesuai jadwal pada buku KIA. Bayi bernama Safira Lestari, ID B647, berusia 3 bulan dan berjenis kelamin Perempuan. Pada kunjungan ini diberikan Campak. Catatan kelengkapan pelayanan anak adalah Belum Lengkap. Petugas menjelaskan jadwal pemberian berikutnya dan meminta orang tua mengamati kondisi bayi setelah pelayanan.",Imunisasi Bayi,Kesehatan Balita,0.43,Salah
"Orang tua membawa bayi sesuai jadwal pada buku KIA. Bayi bernama Zahra Rahma, ID B1673, berusia 6 bulan dan berjenis kelamin Perempuan. Pada kunjungan ini diberikan HB-0. Catatan kelengkapan pelayanan anak adalah Belum Lengkap. Petugas menjelaskan jadwal pemberian berikutnya dan meminta orang tua mengamati kondisi bayi setelah pelayanan.",Imunisasi Bayi,Kesehatan Balita,0.48,Salah
Pelayanan lanjutan untuk Indah Putri dilakukan berdasarkan riwayat yang tercatat Lengkap. Pada kunjungan ini anak menerima pelayanan lanjutan untuk perlindungan terhadap beberapa penyakit. Keluarga diberi penjelasan mengenai reaksi ringan yang mungkin muncul setelah tindakan.,Imunisasi Bayi,Kesehatan Balita,0.48,Salah
Buku KIA milik Farhan Wijaya diperiksa pada kunjungan hari ini. Petugas kemudian memberikan tindakan sesuai usia anak dan memperbarui catatan kelengkapannya. Jadwal berikutnya telah disampaikan kepada keluarga.,Imunisasi Bayi,Kesehatan Balita,0.4,Salah
"Petugas menerima kunjungan bayi untuk pelayanan lanjutan. Bayi bernama Zidan Wijaya, ID B046, berusia 13 bulan dan berjenis kelamin Laki-laki. Pada kunjungan ini diberikan 14.2. Catatan kelengkapan pelayanan anak adalah Pertumbuhan sesuai usia. Petugas menjelaskan jadwal pemberian berikutnya dan meminta orang tua mengamati kondisi bayi setelah pelayanan.",Imunisasi Bayi,Kesehatan Balita,0.44,Salah
"Orang tua membawa bayi sesuai jadwal pada buku KIA. Bayi bernama Syifa Rahma, ID B800, berusia 21 bulan dan berjenis kelamin Perempuan. Pada kunjungan ini diberikan HB-0. Catatan kelengkapan pelayanan anak adalah Lengkap. Petugas menjelaskan jadwal pemberian berikutnya dan meminta orang tua mengamati kondisi bayi setelah pelayanan. Petugas juga menanyakan pola makan anak kepada orang tua.",Imunisasi Bayi,Gizi Balita,0.39,Salah
Buku KIA milik Nabila Permata diperiksa pada kunjungan hari ini. Petugas kemudian memberikan tindakan sesuai usia anak dan memperbarui catatan kelengkapannya. Jadwal berikutnya telah disampaikan kepada keluarga.,Imunisasi Bayi,Kesehatan Balita,0.38,Salah
Buku KIA milik Rafif Saputra diperiksa pada kunjungan hari ini. Petugas kemudian memberikan tindakan sesuai usia anak dan memperbarui catatan kelengkapannya. Jadwal berikutnya telah disampaikan kepada keluarga. Orang tua turut berkonsultasi mengenai pertumbuhan anak.,Imunisasi Bayi,Kesehatan Balita,0.41,Salah
Pelayanan lanjutan untuk Rania Putri dilakukan berdasarkan riwayat yang tercatat Lengkap. Pada kunjungan ini anak menerima pelayanan lanjutan untuk perlindungan terhadap beberapa penyakit. Keluarga diberi penjelasan mengenai reaksi ringan yang mungkin muncul setelah tindakan.,Imunisasi Bayi,Kesehatan Balita,0.41,Salah
Buku KIA milik Nabila Sari diperiksa pada kunjungan hari ini. Petugas kemudian memberikan tindakan sesuai usia anak dan memperbarui catatan kelengkapannya. Jadwal berikutnya telah disampaikan kepada keluarga.,Imunisasi Bayi,Kesehatan Balita,0.45,Salah
Buku KIA milik Rian Saputra diperiksa pada kunjungan hari ini. Petugas kemudian memberikan tindakan sesuai usia anak dan memperbarui catatan kelengkapannya. Jadwal berikutnya telah disampaikan kepada keluarga.,Imunisasi Bayi,Kesehatan Balita,0.39,Salah
Perubahan kondisi fisik Rizky Pratama kembali diamati pada kunjungan rutin. Angka yang diperoleh adalah 7.8 kg dan 97 cm. Petugas mencatat Perlu pemantauan gizi dan meminta keluarga datang kembali bulan depan.,Gizi Balita,Kesehatan Balita,0.43,Salah
"Orang tua membawa bayi sesuai jadwal pada buku KIA. Bayi bernama Galang Saputra, ID B1929, berusia 4 bulan dan berjenis kelamin Laki-laki. Pada kunjungan ini diberikan HB-0. Catatan kelengkapan pelayanan anak adalah Lengkap. Petugas menjelaskan jadwal pemberian berikutnya dan meminta orang tua mengamati kondisi bayi setelah pelayanan.",Imunisasi Bayi,Kesehatan Balita,0.42,Salah
Buku KIA milik Naufal Kurniawan diperiksa pada kunjungan hari ini. Petugas kemudian memberikan tindakan sesuai usia anak dan memperbarui catatan kelengkapannya. Jadwal berikutnya telah disampaikan kepada keluarga.,Imunisasi Bayi,Kesehatan Balita,0.39,Salah
"Bayi datang mengikuti jadwal pelayanan sesuai usianya. Bayi bernama Rahma Lestari, ID B870, berusia 15 bulan dan berjenis kelamin Perempuan. Pada kunjungan ini diberikan Campak. Catatan kelengkapan pelayanan anak adalah Lengkap. Petugas menjelaskan jadwal pemberian berikutnya dan meminta orang tua mengamati kondisi bayi setelah pelayanan.",Imunisasi Bayi,Kesehatan Balita,0.41,Salah
Buku KIA milik Rian Saputra diperiksa pada kunjungan hari ini. Petugas kemudian memberikan tindakan sesuai usia anak dan memperbarui catatan kelengkapannya. Jadwal berikutnya telah disampaikan kepada keluarga.,Imunisasi Bayi,Kesehatan Balita,0.29,Salah
Pelayanan lanjutan untuk Arga Kurniawan dilakukan berdasarkan riwayat yang tercatat Lengkap. Pada kunjungan ini anak menerima pelayanan lanjutan untuk perlindungan terhadap beberapa penyakit. Keluarga diberi penjelasan mengenai reaksi ringan yang mungkin muncul setelah tindakan. Kondisi fisik anak diamati sebelum tindakan diberikan.,Imunisasi Bayi,Kesehatan Balita,0.48,Salah
"Petugas menerima kunjungan bayi untuk pelayanan lanjutan. Bayi bernama Amelia Lestari, ID B1212, berusia 2 bulan dan berjenis kelamin Perempuan. Pada kunjungan ini diberikan HB-0. Catatan kelengkapan pelayanan anak adalah Belum Lengkap. Petugas menjelaskan jadwal pemberian berikutnya dan meminta orang tua mengamati kondisi bayi setelah pelayanan. Petugas juga menanyakan pola makan anak kepada orang tua.",Imunisasi Bayi,Kesehatan Balita,0.45,Salah
Zahra Rahma datang sesuai jadwal usia 16 bulan. Petugas memberikan pelayanan lanjutan untuk perlindungan terhadap beberapa penyakit dan memperbarui catatan pelayanan pada buku KIA. Orang tua diminta kembali pada jadwal berikutnya. Orang tua turut berkonsultasi mengenai pertumbuhan anak.,Imunisasi Bayi,Kesehatan Balita,0.42,Salah
Perubahan kondisi fisik Salsa Sari kembali diamati pada kunjungan rutin. Angka yang diperoleh adalah 9.5 kg dan 80.9 cm. Petugas mencatat Pertumbuhan sesuai usia dan meminta keluarga datang kembali bulan depan. Orang tua diingatkan mengikuti jadwal pelayanan lainnya.,Gizi Balita,Kesehatan Balita,0.47,Salah
Galang Saputra datang sesuai jadwal usia 29 bulan. Petugas memberikan tindakan pencegahan sesuai jadwal usia dan memperbarui catatan pelayanan pada buku KIA. Orang tua diminta kembali pada jadwal berikutnya.,Imunisasi Bayi,Kesehatan Balita,0.38,Salah
Alif Saputra datang sesuai jadwal usia 5 bulan. Petugas memberikan pelayanan untuk perlindungan awal terhadap tuberkulosis dan memperbarui catatan pelayanan pada buku KIA. Orang tua diminta kembali pada jadwal berikutnya. Kondisi fisik anak diamati sebelum tindakan diberikan.,Imunisasi Bayi,Kesehatan Balita,0.44,Salah
"Petugas melakukan pencatatan beberapa aspek kondisi anak. Anak bernama Zidan Kurniawan, ID B066, berusia 8 bulan dan berjenis kelamin Laki-laki. Kondisi umum anak tercatat Lengkap. Perkembangan anak tercatat tidak tersedia. Riwayat pelayanan pencegahan tercatat Polio 1. Riwayat penyakit yang dilaporkan adalah tidak tersedia. Petugas memberikan saran berdasarkan seluruh hasil pemeriksaan dan pencatatan tersebut. Catatan pelayanan sebelumnya menjadi bagian dari penilaian.",Kesehatan Balita,Imunisasi Bayi,0.48,Salah
Perubahan kondisi fisik Lestari Sari kembali diamati pada kunjungan rutin. Angka yang diperoleh adalah 16.3 kg dan 94.7 cm. Petugas mencatat Pertumbuhan sesuai usia dan meminta keluarga datang kembali bulan depan.,Gizi Balita,Kesehatan Balita,0.38,Salah
Perubahan kondisi fisik Nayla Sari kembali diamati pada kunjungan rutin. Angka yang diperoleh adalah 10.6 kg dan 92.8 cm. Petugas mencatat Pertumbuhan sesuai usia dan meminta keluarga datang kembali bulan depan.,Gizi Balita,Kesehatan Balita,0.38,Salah
"Petugas menerima kunjungan bayi untuk pelayanan lanjutan. Bayi bernama Putri Rahma, ID B1730, berusia 23 bulan dan berjenis kelamin Perempuan. Pada kunjungan ini diberikan HB-0. Catatan kelengkapan pelayanan anak adalah Belum Lengkap. Petugas menjelaskan jadwal pemberian berikutnya dan meminta orang tua mengamati kondisi bayi setelah pelayanan.",Imunisasi Bayi,Kesehatan Balita,0.42,Salah
Rahma Putri datang sesuai jadwal usia 6 bulan. Petugas memberikan tindakan pencegahan sesuai jadwal usia dan memperbarui catatan pelayanan pada buku KIA. Orang tua diminta kembali pada jadwal berikutnya. Kondisi fisik anak diamati sebelum tindakan diberikan.,Imunisasi Bayi,Kesehatan Balita,0.41,Salah
Perubahan kondisi fisik Farhan Wijaya kembali diamati pada kunjungan rutin. Angka yang diperoleh adalah 11.1 kg dan 85.1 cm. Petugas mencatat Perlu pemantauan gizi dan meminta keluarga datang kembali bulan depan.,Gizi Balita,Kesehatan Balita,0.39,Salah
Perubahan kondisi fisik Rafif Wijaya kembali diamati pada kunjungan rutin. Angka yang diperoleh adalah 15.5 kg dan 97.7 cm. Petugas mencatat Pertumbuhan sesuai usia dan meminta keluarga datang kembali bulan depan.,Gizi Balita,Kesehatan Balita,0.38,Salah
"Kunjungan dilakukan untuk melihat perubahan kondisi anak. Khansa Oktavia, usia 37 bulan, menjalani pengukuran fisik rutin. Angka pada timbangan tercatat Lengkap kg dan panjang atau tinggi tubuh tercatat Perlu Tindakan cm. Hasil pencatatan petugas menunjukkan kondisi Normal. Terdapat keterangan tambahan berupa ISPA. Keluarga diminta memperhatikan asupan harian dan mengamati perubahan kondisi anak sampai jadwal kunjungan berikutnya.",Gizi Balita,Kesehatan Balita,0.47,Salah
Pelayanan lanjutan untuk Dimas Kurniawan dilakukan berdasarkan riwayat yang tercatat Lengkap. Pada kunjungan ini anak menerima pelayanan lanjutan untuk perlindungan terhadap beberapa penyakit. Keluarga diberi penjelasan mengenai reaksi ringan yang mungkin muncul setelah tindakan. Orang tua turut berkonsultasi mengenai pertumbuhan anak.,Imunisasi Bayi,Kesehatan Balita,0.45,Salah
Buku KIA milik Galang Wijaya diperiksa pada kunjungan hari ini. Petugas kemudian memberikan tindakan sesuai usia anak dan memperbarui catatan kelengkapannya. Jadwal berikutnya telah disampaikan kepada keluarga.,Imunisasi Bayi,Kesehatan Balita,0.37,Salah
"Orang tua membawa bayi sesuai jadwal pada buku KIA. Bayi bernama Iqbal Nugraha, ID B068, berusia 53 bulan dan berjenis kelamin Laki-laki. Pada kunjungan ini diberikan 7.6. Catatan kelengkapan pelayanan anak adalah Perlu pemantauan gizi. Petugas menjelaskan jadwal pemberian berikutnya dan meminta orang tua mengamati kondisi bayi setelah pelayanan.",Imunisasi Bayi,Gizi Balita,0.42,Salah
Pelayanan lanjutan untuk Ahmad Nugraha dilakukan berdasarkan riwayat yang tercatat Lengkap. Pada kunjungan ini anak menerima pelayanan lanjutan untuk perlindungan terhadap beberapa penyakit. Keluarga diberi penjelasan mengenai reaksi ringan yang mungkin muncul setelah tindakan.,Imunisasi Bayi,Kesehatan Balita,0.41,Salah
"Balita datang mengikuti kegiatan rutin di posyandu. Anak bernama Muhammad Saputra, ID B099, berusia 6 bulan dan berjenis kelamin Laki-laki. Hasil penimbangan menunjukkan berat badan Belum Lengkap kg, sedangkan hasil pengukuran tinggi badan adalah Perlu Tindakan cm. Berdasarkan hasil pengukuran tersebut, kondisi anak tercatat sebagai Perlu Intervensi. Catatan petugas: Alergi. Orang tua dianjurkan memperhatikan pola makan anak dan melakukan pengukuran kembali pada kunjungan berikutnya.",Gizi Balita,Kesehatan Balita,0.5,Salah
Buku KIA milik Rafif Kurniawan diperiksa pada kunjungan hari ini. Petugas kemudian memberikan tindakan sesuai usia anak dan memperbarui catatan kelengkapannya. Jadwal berikutnya telah disampaikan kepada keluarga.,Imunisasi Bayi,Kesehatan Balita,0.39,Salah
Nabila Putri datang sesuai jadwal usia 24 bulan. Petugas memberikan tindakan pencegahan sesuai jadwal usia dan memperbarui catatan pelayanan pada buku KIA. Orang tua diminta kembali pada jadwal berikutnya. Orang tua turut berkonsultasi mengenai pertumbuhan anak.,Imunisasi Bayi,Kesehatan Balita,0.41,Salah
"Kunjungan hari ini mencakup peninjauan kondisi dan perkembangan anak. Anak bernama Aisyah Rahma, ID B057, berusia 18 bulan dan berjenis kelamin Perempuan. Kondisi umum anak tercatat Lengkap. Perkembangan anak tercatat tidak tersedia. Riwayat pelayanan pencegahan tercatat Campak. Riwayat penyakit yang dilaporkan adalah tidak tersedia. Petugas memberikan saran berdasarkan seluruh hasil pemeriksaan dan pencatatan tersebut.",Kesehatan Balita,Imunisasi Bayi,0.51,Salah
Buku KIA milik Putri Lestari diperiksa pada kunjungan hari ini. Petugas kemudian memberikan tindakan sesuai usia anak dan memperbarui catatan kelengkapannya. Jadwal berikutnya telah disampaikan kepada keluarga.,Imunisasi Bayi,Kesehatan Balita,0.44,Salah
"Orang tua membawa anak untuk menjalani pelayanan rutin terpadu. Alya Permata, usia 13 bulan, menjalani penilaian kondisi umum, perkembangan sesuai usia, dan riwayat pelayanan sebelumnya. Hasil penilaian kondisi umum adalah Belum Lengkap. Perkembangannya tercatat tidak tersedia, sedangkan catatan pelayanan sebelumnya adalah DPT-HB-Hib 2. Keluarga juga menyampaikan riwayat berupa tidak tersedia. Petugas memberikan arahan tindak lanjut sesuai temuan.",Kesehatan Balita,Imunisasi Bayi,0.46,Salah
Perubahan kondisi fisik Rafif Pratama kembali diamati pada kunjungan rutin. Angka yang diperoleh adalah 9.1 kg dan 109.5 cm. Petugas mencatat Pertumbuhan sesuai usia dan meminta keluarga datang kembali bulan depan.,Gizi Balita,Kesehatan Balita,0.45,Salah
"Bayi datang mengikuti jadwal pelayanan sesuai usianya. Bayi bernama Aqila Rahma, ID B283, berusia 24 bulan dan berjenis kelamin Perempuan. Pada kunjungan ini diberikan HB-0. Catatan kelengkapan pelayanan anak adalah Lengkap. Petugas menjelaskan jadwal pemberian berikutnya dan meminta orang tua mengamati kondisi bayi setelah pelayanan.",Imunisasi Bayi,Kesehatan Balita,0.44,Salah
"Petugas menerima kunjungan bayi untuk pelayanan lanjutan. Bayi bernama Daffa Pratama, ID B390, berusia 6 bulan dan berjenis kelamin Laki-laki. Pada kunjungan ini diberikan Campak. Catatan kelengkapan pelayanan anak adalah Lengkap. Petugas menjelaskan jadwal pemberian berikutnya dan meminta orang tua mengamati kondisi bayi setelah pelayanan. Petugas juga menanyakan pola makan anak kepada orang tua.",Imunisasi Bayi,Gizi Balita,0.39,Salah
"Petugas menerima kunjungan bayi untuk pelayanan lanjutan. Bayi bernama Lestari Lestari, ID B497, berusia 16 bulan dan berjenis kelamin Perempuan. Pada kunjungan ini diberikan Campak. Catatan kelengkapan pelayanan anak adalah Belum Lengkap. Petugas menjelaskan jadwal pemberian berikutnya dan meminta orang tua mengamati kondisi bayi setelah pelayanan.",Imunisasi Bayi,Kesehatan Balita,0.41,Salah
Pelayanan lanjutan untuk Nabila Rahma dilakukan berdasarkan riwayat yang tercatat Lengkap. Pada kunjungan ini anak menerima pelayanan lanjutan untuk perlindungan terhadap beberapa penyakit. Keluarga diberi penjelasan mengenai reaksi ringan yang mungkin muncul setelah tindakan.,Imunisasi Bayi,Kesehatan Balita,0.49,Salah
"Bayi datang mengikuti jadwal pelayanan sesuai usianya. Rafa Kurniawan, usia 15 bulan, memperoleh tindakan 14.5 sesuai catatan jadwal pelayanan anak. Riwayat pemberian sebelumnya tercatat Pertumbuhan sesuai usia. Orang tua diminta kembali sesuai jadwal pada buku KIA serta mengamati kemungkinan reaksi setelah tindakan. Orang tua turut berkonsultasi mengenai pertumbuhan anak.",Imunisasi Bayi,Kesehatan Balita,0.45,Salah
"Orang tua membawa bayi sesuai jadwal pada buku KIA. Bayi bernama Aqila Putri, ID B1617, berusia 7 bulan dan berjenis kelamin Perempuan. Pada kunjungan ini diberikan HB-0. Catatan kelengkapan pelayanan anak adalah Lengkap. Petugas menjelaskan jadwal pemberian berikutnya dan meminta orang tua mengamati kondisi bayi setelah pelayanan.",Imunisasi Bayi,Kesehatan Balita,0.44,Salah
Buku KIA milik Aisyah Sari diperiksa pada kunjungan hari ini. Petugas kemudian memberikan tindakan sesuai usia anak dan memperbarui catatan kelengkapannya. Jadwal berikutnya telah disampaikan kepada keluarga.,Imunisasi Bayi,Kesehatan Balita,0.43,Salah
"Bayi datang mengikuti jadwal pelayanan sesuai usianya. Bayi bernama Rafif Nugraha, ID B030, berusia 7 bulan dan berjenis kelamin Laki-laki. Pada kunjungan ini diberikan 5.5. Catatan kelengkapan pelayanan anak adalah Perlu penanganan segera. Petugas menjelaskan jadwal pemberian berikutnya dan meminta orang tua mengamati kondisi bayi setelah pelayanan.",Imunisasi Bayi,Kesehatan Balita,0.41,Salah
"Orang tua membawa anak untuk menjalani pelayanan rutin terpadu. Alif Kurniawan, usia 22 bulan, menjalani penilaian kondisi umum, perkembangan sesuai usia, dan riwayat pelayanan sebelumnya. Hasil penilaian kondisi umum adalah Lengkap. Perkembangannya tercatat tidak tersedia, sedangkan catatan pelayanan sebelumnya adalah DPT-HB-Hib 3. Keluarga juga menyampaikan riwayat berupa tidak tersedia. Petugas memberikan arahan tindak lanjut sesuai temuan.",Kesehatan Balita,Imunisasi Bayi,0.45,Salah
Perubahan kondisi fisik Zidan Saputra kembali diamati pada kunjungan rutin. Angka yang diperoleh adalah 11.1 kg dan 72.4 cm. Petugas mencatat Pertumbuhan sesuai usia dan meminta keluarga datang kembali bulan depan. Orang tua diingatkan mengikuti jadwal pelayanan lainnya.,Gizi Balita,Kesehatan Balita,0.42,Salah
"Orang tua membawa bayi sesuai jadwal pada buku KIA. Bayi bernama Naufal Kurniawan, ID B892, berusia 24 bulan dan berjenis kelamin Laki-laki. Pada kunjungan ini diberikan HB-0. Catatan kelengkapan pelayanan anak adalah Belum Lengkap. Petugas menjelaskan jadwal pemberian berikutnya dan meminta orang tua mengamati kondisi bayi setelah pelayanan.",Imunisasi Bayi,Kesehatan Balita,0.47,Salah
Buku KIA milik Kayla Putri diperiksa pada kunjungan hari ini. Petugas kemudian memberikan tindakan sesuai usia anak dan memperbarui catatan kelengkapannya. Jadwal berikutnya telah disampaikan kepada keluarga.,Imunisasi Bayi,Kesehatan Balita,0.43,Salah
Buku KIA milik Rizky Pratama diperiksa pada kunjungan hari ini. Petugas kemudian memberikan tindakan sesuai usia anak dan memperbarui catatan kelengkapannya. Jadwal berikutnya telah disampaikan kepada keluarga.,Imunisasi Bayi,Kesehatan Balita,0.42,Salah
Buku KIA milik Rafa Nugraha diperiksa pada kunjungan hari ini. Petugas kemudian memberikan tindakan sesuai usia anak dan memperbarui catatan kelengkapannya. Jadwal berikutnya telah disampaikan kepada keluarga.,Imunisasi Bayi,Kesehatan Balita,0.38,Salah
"Balita mengikuti kunjungan rutin untuk penilaian menyeluruh. Galang Saputra, usia 11 bulan, menjalani penilaian kondisi umum, perkembangan sesuai usia, dan riwayat pelayanan sebelumnya. Hasil penilaian kondisi umum adalah Belum Lengkap. Perkembangannya tercatat tidak tersedia, sedangkan catatan pelayanan sebelumnya adalah Polio 1. Keluarga juga menyampaikan riwayat berupa tidak tersedia. Petugas memberikan arahan tindak lanjut sesuai temuan. Catatan pelayanan sebelumnya menjadi bagian dari penilaian.",Kesehatan Balita,Imunisasi Bayi,0.48,Salah
Nabila Lestari datang sesuai jadwal usia 14 bulan. Petugas memberikan pelayanan lanjutan untuk perlindungan terhadap beberapa penyakit dan memperbarui catatan pelayanan pada buku KIA. Orang tua diminta kembali pada jadwal berikutnya.,Imunisasi Bayi,Kesehatan Balita,0.38,Salah
"Balita datang mengikuti kegiatan rutin di posyandu. Anak bernama Aurel Maharani, ID B065, berusia 6 bulan dan berjenis kelamin Perempuan. Hasil penimbangan menunjukkan berat badan Lengkap kg, sedangkan hasil pengukuran tinggi badan adalah Pemantauan cm. Berdasarkan hasil pengukuran tersebut, kondisi anak tercatat sebagai Normal. Catatan petugas: Demam. Orang tua dianjurkan memperhatikan pola makan anak dan melakukan pengukuran kembali pada kunjungan berikutnya.",Gizi Balita,Kesehatan Balita,0.57,Salah
"Orang tua membawa anak untuk menjalani pelayanan rutin terpadu. Anak bernama Melati Permata, ID B063, berusia 14 bulan dan berjenis kelamin Perempuan. Kondisi umum anak tercatat Lengkap. Perkembangan anak tercatat tidak tersedia. Riwayat pelayanan pencegahan tercatat Campak. Riwayat penyakit yang dilaporkan adalah tidak tersedia. Petugas memberikan saran berdasarkan seluruh hasil pemeriksaan dan pencatatan tersebut. Keluarga diminta menjaga pola makan dan jadwal kunjungan.",Kesehatan Balita,Gizi Balita,0.48,Salah
"Orang tua membawa bayi sesuai jadwal pada buku KIA. Bayi bernama Nabila Sari, ID B888, berusia 12 bulan dan berjenis kelamin Perempuan. Pada kunjungan ini diberikan HB-0. Catatan kelengkapan pelayanan anak adalah Lengkap. Petugas menjelaskan jadwal pemberian berikutnya dan meminta orang tua mengamati kondisi bayi setelah pelayanan.",Imunisasi Bayi,Kesehatan Balita,0.41,Salah
Buku KIA milik Putri Putri diperiksa pada kunjungan hari ini. Petugas kemudian memberikan tindakan sesuai usia anak dan memperbarui catatan kelengkapannya. Jadwal berikutnya telah disampaikan kepada keluarga.,Imunisasi Bayi,Kesehatan Balita,0.38,Salah
Perubahan kondisi fisik Fauzan Pratama kembali diamati pada kunjungan rutin. Angka yang diperoleh adalah Lengkap kg dan Sehat cm. Petugas mencatat Diare dan meminta keluarga datang kembali bulan depan.,Gizi Balita,Kesehatan Balita,0.38,Salah
Buku KIA milik Alya Lestari diperiksa pada kunjungan hari ini. Petugas kemudian memberikan tindakan sesuai usia anak dan memperbarui catatan kelengkapannya. Jadwal berikutnya telah disampaikan kepada keluarga.,Imunisasi Bayi,Kesehatan Balita,0.38,Salah
"Petugas melakukan pencatatan beberapa aspek kondisi anak. Rafa Wijaya, usia 13 bulan, menjalani penilaian kondisi umum, perkembangan sesuai usia, dan riwayat pelayanan sebelumnya. Hasil penilaian kondisi umum adalah Lengkap. Perkembangannya tercatat tidak tersedia, sedangkan catatan pelayanan sebelumnya adalah Polio 3. Keluarga juga menyampaikan riwayat berupa tidak tersedia. Petugas memberikan arahan tindak lanjut sesuai temuan.",Kesehatan Balita,Imunisasi Bayi,0.51,Salah
"Orang tua membawa anak untuk menjalani pelayanan rutin terpadu. Anak bernama Nayla Putri, ID B062, berusia 19 bulan dan berjenis kelamin Perempuan. Kondisi umum anak tercatat Lengkap. Perkembangan anak tercatat tidak tersedia. Riwayat pelayanan pencegahan tercatat DPT-HB-Hib 2. Riwayat penyakit yang dilaporkan adalah tidak tersedia. Petugas memberikan saran berdasarkan seluruh hasil pemeriksaan dan pencatatan tersebut. Petugas memberi perhatian khusus pada perkembangan anak.",Kesehatan Balita,Imunisasi Bayi,0.56,Salah
"Orang tua membawa anak untuk menjalani pelayanan rutin terpadu. Anak bernama Siti Sari, ID B048, berusia 6 bulan dan berjenis kelamin Perempuan. Kondisi umum anak tercatat Lengkap. Perkembangan anak tercatat tidak tersedia. Riwayat pelayanan pencegahan tercatat DPT-HB-Hib 2. Riwayat penyakit yang dilaporkan adalah tidak tersedia. Petugas memberikan saran berdasarkan seluruh hasil pemeriksaan dan pencatatan tersebut.",Kesehatan Balita,Imunisasi Bayi,0.46,Salah
Buku KIA milik Zidan Kurniawan diperiksa pada kunjungan hari ini. Petugas kemudian memberikan tindakan sesuai usia anak dan memperbarui catatan kelengkapannya. Jadwal berikutnya telah disampaikan kepada keluarga. Orang tua turut berkonsultasi mengenai pertumbuhan anak.,Imunisasi Bayi,Kesehatan Balita,0.47,Salah
Adit Pratama datang sesuai jadwal usia 3 bulan. Petugas memberikan tindakan pencegahan sesuai jadwal usia dan memperbarui catatan pelayanan pada buku KIA. Orang tua diminta kembali pada jadwal berikutnya.,Imunisasi Bayi,Kesehatan Balita,0.4,Salah
Perubahan kondisi fisik Safira Lestari kembali diamati pada kunjungan rutin. Angka yang diperoleh adalah 15 kg dan 76.4 cm. Petugas mencatat Pertumbuhan sesuai usia dan meminta keluarga datang kembali bulan depan.,Gizi Balita,Kesehatan Balita,0.37,Salah
"Bayi datang mengikuti jadwal pelayanan sesuai usianya. Bayi bernama Citra Permata, ID B1192, berusia 11 bulan dan berjenis kelamin Perempuan. Pada kunjungan ini diberikan HB-0. Catatan kelengkapan pelayanan anak adalah Lengkap. Petugas menjelaskan jadwal pemberian berikutnya dan meminta orang tua mengamati kondisi bayi setelah pelayanan.",Imunisasi Bayi,Kesehatan Balita,0.42,Salah
